fips,unemploymentRate2009,unemploymentRate2010,unemploymentRate2011,unemploymentRate2012,unemploymentRate2013
1001,5.9,6.2,7.5,8.6,9.4
1003,5.5,6.6,7.7,8.5,9.2
1005,9.8,9.6,13,13.5,14.3
1007,4.8,9.1,9.6,10.5,12.2
1009,5.7,7.5,9.1,10,9.7
1011,10.7,11.2,15.5,14.3,15
1013,9,9.5,12.1,13.8,14.8
1015,9.6,11.7,12,13.3,14.2
1017,12.2,14.2,14.9,16,17.2
1019,11.2,12.4,12.9,10.5,10.5
1021,7.6,9.1,11.1,11.3,10.3
1023,10.5,13.1,16.2,15.6,14.1
1025,8.2,10,14.5,16.7,18.9
1027,8.9,10.9,10.9,11.7,12.9
1029,12.8,12.9,12.5,12.3,11.2
1031,7.3,7.5,7.3,7.6,7.7
1033,6.4,7.4,8.5,8.7,9.9
1035,8.9,12.6,19.5,23.6,24.8
1037,6.6,11,13.8,13.8,17.7
1039,9.2,8.9,9.6,10.2,11
1041,9.5,8.6,9.3,8.6,9.5
1043,6.8,7.8,8.8,9.2,9.7
1045,6.6,7.6,8.5,8.8,10.4
1047,15.5,15.2,17.1,19.4,20
1049,8,8.6,9.9,11,11.4
1051,7.9,8.1,8.8,8.5,8.9
1053,9.1,10.3,11.7,15,15.8
1055,8.9,10.1,10.2,11.3,11.8
1057,6.5,6.7,7,8.1,9.8
1059,7.5,8.1,8.1,9.3,10
1061,7,7.6,8.7,9.7,9.4
1063,15.3,21.9,21.3,23.8,24.1
1065,15,14.1,15.4,15.9,16.2
1067,7.7,10.8,13,12.7,12.1
1069,6.3,6.6,7.4,7.8,8.2
1071,8,7.4,8.6,8.1,10.2
1073,8,8.7,9.3,10,10.3
1075,9.8,9.8,9.8,9.5,10.1
1077,8.5,8.6,8.3,9.1,9.2
1079,5.7,8.9,10.9,11.5,12.7
1081,7.7,8.4,9.1,9.7,9.4
1083,7.3,7.5,7.7,8.9,9.1
1085,12.3,14.5,15.8,17.6,17.5
1087,12.6,13.7,13.4,16.5,18.2
1089,7,8.1,9,9.3,10
1091,8.6,11,10.5,10.6,10.6
1093,7.1,7.9,9,10.9,11.9
1095,6,6.4,8,9.1,10.2
1097,8.4,9.7,10.4,11.1,11.9
1099,10,10.5,13.2,14.8,18.9
1101,7.6,7.9,8.6,8.7,8.9
1103,7.3,8.5,9.4,11,11.8
1105,10.6,15.4,15.2,19.1,19.9
1107,10.4,14.1,14,14.5,16.4
1109,7.9,9.2,9.7,9.7,10.7
1111,11.7,10.5,10.5,11.6,12.1
1113,10,11.6,12.3,11.7,11.9
1115,7.4,7.2,9.7,10.7,10.8
1117,4.5,5.5,6.5,6.4,6.5
1119,13.5,16.6,18.4,19,17.6
1121,10.6,11.5,13.6,14.5,15.1
1123,9.3,9.5,10.2,11.6,11.4
1125,6.1,6.4,7.3,8,8.1
1127,8.5,11.6,12.9,13.7,14.5
1129,6.2,10.3,15.6,18,20.4
1131,20.7,21.7,24.8,24.5,27.1
1133,7.2,7.7,8.9,9.8,10.4
2013,4.4,3.4,5.8,3.1,1.7
2016,1.8,1.9,4,3.6,4
2020,7.3,7.4,7.2,7.3,7.3
2050,17.9,18.5,16.8,17.9,18.6
2060,10.5,11.4,9.1,6.9,4.6
2068,2,1.9,2.7,2.8,2.3
2070,14.3,14.7,15.4,14.5,16.1
2090,6.9,7.1,6.7,6.7,7.9
2100,5.7,5.6,10.1,9,8.3
2105,11.9,10.2,14.2,12.7,13.9
2110,6.1,5.8,5.3,5.1,5.3
2122,9.1,8.6,8.5,8.9,9.8
2130,4.8,6.8,8,8.4,8.7
2150,6.8,5.9,7.4,5.9,6.9
2164,5.8,10.3,9.9,8.9,10.9
2170,11.8,9.6,9.7,10.5,10.5
2180,16.8,17.3,16.9,17.8,17.9
2185,19.4,24.6,15.8,12.3,12
2188,25.8,26.3,25.9,26.2,26.2
2195,4.9,4.3,6.2,4.5,6
2198,11,11.2,10.9,11.4,12.8
2220,7.6,6.9,6.5,6.3,5.3
2230,10.8,12.2,5.3,7.6,7.8
2240,15.6,13.2,10.3,9.3,9.2
2261,11.1,10.2,9.9,7.4,8
2270,24.5,26.5,27.1,27.2,28.1
2275,8.9,6.4,5.5,6,8
2282,4.1,3.8,4.3,4.4,6.2
2290,22.5,24.2,23.9,22.6,21.9
4001,13.8,15.6,18.8,19.6,20.7
4003,7.4,7.7,8.6,9.2,9.4
4005,6,7,7.9,8.4,9
4007,6.6,6.9,7.4,9.2,12.2
4009,10.9,9.8,10.1,11.4,13.1
4011,11.4,11.7,14.2,10.8,11.8
4012,7.2,7.1,7.9,8.6,10.8
4013,6.2,7.1,8.3,9,9.5
4015,9.4,10.8,12.1,14.2,14.5
4017,12.7,12.4,14.6,17.1,19.4
4019,7.4,8,9.2,10.1,10.9
4021,6.2,7.7,9.9,11.5,12.1
4023,9.6,11.7,13.2,14,13.1
4025,6.3,7.1,8.8,10.2,10.8
4027,10.4,11.1,11.7,13,13.6
5001,7.9,7.4,7.6,7.3,8.2
5003,9.5,10.2,9.7,9.8,11.2
5005,8,7.9,8.9,9.6,10.4
5007,5.5,5.3,5.5,5.2,5.6
5009,6.9,6.9,6.3,8.3,9.3
5011,9.8,6.6,6.8,7.5,8.3
5013,6.8,6.7,6.2,7.9,6.7
5015,6.1,7.8,8.1,8.2,7.7
5017,18.1,15.4,10.7,11.8,13.1
5019,9,9.2,9.8,11.5,11.1
5021,11.3,11.8,13,13.2,12.5
5023,5.4,7.3,8.2,10.4,10.9
5025,8.7,8.2,9.3,11.8,11.3
5027,9.5,11.5,10.1,12.5,11.5
5029,5.3,6.5,9.3,9.2,10.3
5031,7.4,8.1,8.7,8.7,9.1
5033,6.1,5.7,6.7,7.6,8.6
5035,10.4,12.6,12.7,12.8,11.9
5037,8.7,7.3,8.8,8.6,9.7
5039,11.2,10.1,12,10.3,9.6
5041,13.6,13.2,12.6,13.7,14.2
5043,12.5,12.3,11.8,12,13.2
5045,7.5,7,7.5,7.8,7.4
5047,6.7,7.5,9.9,10.5,11.8
5049,10.6,9.8,11.8,11.3,10.6
5051,7.7,8,8.8,9.5,10
5053,4.3,5,7.4,7.6,7.6
5055,7.1,7.8,8,9,9.2
5057,6.5,7.5,8.5,8.8,9.6
5059,10.9,10.7,11.2,9.7,8.8
5061,5.1,6.6,7.1,7.9,9.4
5063,5.5,6.9,7.1,8.5,9
5065,6.5,7.4,10.7,11.2,11.4
5067,9.4,10.7,12.2,11.4,11.6
5069,12.4,14.2,14.1,13.3,13.4
5071,7.3,7.7,6.9,7.2,7.9
5073,8,11.6,11.6,14.6,15.5
5075,8.1,9.1,9.2,9.2,9.5
5077,15.8,18,17.7,18.1,16.7
5079,8.9,11.6,10.8,11.7,16.9
5081,8.4,9.1,7.8,7.1,6.5
5083,6.9,8.3,8.8,8.5,8.6
5085,6.5,7.5,7.2,7.8,8.1
5087,4.1,4.2,6.5,8.9,9.7
5089,7.2,7.1,8,9.7,10
5091,8.4,8,8.8,8.9,9.2
5093,9.2,12,12.6,12.2,13.3
5095,8.6,11.4,10.2,11.5,14.3
5097,6.2,7.9,7,7.5,5.4
5099,6.3,10.8,14.2,14.7,10.8
5101,6.2,4.8,3.8,5.7,4.8
5103,11.4,12.8,13.4,12.7,13.1
5105,4.3,6,5.1,7.3,8.6
5107,14.9,16.6,17.7,18.4,20
5109,7,9.6,10.2,10.2,8.4
5111,11.1,11.9,12.9,14.4,12.8
5113,5.3,5.1,5.7,6.8,7.1
5115,6.7,6.6,7.6,6.8,8
5117,7.4,5.9,5.2,4,5.3
5119,6.8,7.3,8.1,8.1,8.6
5121,7.1,8.1,8.1,7.5,6.9
5123,14,14.2,13.2,12.8,12.7
5125,4.9,5.7,6.2,6.3,6.4
5127,8.4,9,8.7,9.3,9.2
5129,5.6,4.9,5.8,5.6,7.3
5131,6.1,6.1,6.6,6.7,6.8
5133,6.5,7.9,10,9,11.5
5135,7.6,8,10.2,10,9.8
5137,6.1,5.3,7.3,7.4,6.3
5139,8.9,8.7,8.7,8.7,10.2
5141,7,9,9.6,12.8,13.3
5143,5.3,6.3,6.9,7.3,7.6
5145,6.8,6.8,7.4,7.3,7.2
5147,8,9.2,9.6,10.9,10.8
5149,7.5,7.2,7.3,7.2,8.3
6001,7.7,8.5,9.2,9.9,10.3
6003,15.2,13.9,9,10.3,9.8
6005,10.4,11.4,15.2,17.3,16.8
6007,10.6,11.5,13.2,14.4,14.1
6009,8.2,7.6,9.2,11.8,11.6
6011,12.9,14.2,13.8,14.4,13.3
6013,7.2,8.2,9.5,10.1,10.4
6015,7.7,10.1,10.2,12.1,12.3
6017,7,8.2,9.7,10.9,12
6019,10,11.4,12.7,14,14.5
6021,7.1,8.3,10,10.5,12.8
6023,7.9,8.6,9.7,10.4,11.1
6025,12.5,14.7,16.4,18,18.5
6027,6.2,6.8,7.1,7.3,8.7
6029,10.2,11.4,12.5,13.1,13.7
6031,12.9,12,13.1,14.5,15.2
6033,9,11.8,13.4,15.3,16.5
6035,7.3,9.2,10,11.2,13.6
6037,7.7,8.7,9.8,10.8,11.4
6039,10.8,12,11.3,11.6,10.7
6041,4.5,5.6,6.3,6.9,7.6
6043,10.3,12.9,13.2,14.7,14.4
6045,8,9,11,11.4,12.1
6047,12.6,13.8,15.2,16.1,17.9
6049,7.1,11.4,9.4,11.6,10.7
6051,6.1,6.5,7.5,10.7,10.3
6053,9.6,10.2,10.8,11.1,11
6055,6.5,7.4,8,8.9,9.1
6057,7.2,8.1,9.2,10.4,10.7
6059,6.2,7.4,8.3,9,9.4
6061,5.6,6.9,8.2,9.3,10
6063,9.1,9.9,14.2,17.2,17.2
6065,9.2,11.2,12.9,14.2,14.9
6067,8.8,10.2,11.7,13,13.7
6069,8.7,10.3,11,13.1,13.8
6071,9.5,11.1,12.9,14.1,14.5
6073,6.7,7.8,8.9,9.6,10
6075,6.6,7.1,7.5,8,8.3
6077,10.8,12.3,14.4,15.7,16.2
6079,6.7,7.4,8.1,8.7,8.5
6081,6.1,6.5,7.3,7.8,8.1
6083,6.4,7.5,8.3,9,9.4
6085,7,7.8,8.6,9.3,9.7
6087,7.5,8.3,8.4,8.8,9.3
6089,10.5,11.7,12.4,13.7,13.4
6091,9,9.4,11.3,9.1,10.2
6093,10.6,12.1,13.4,14.7,14.9
6095,7.9,9.3,10,11,12.1
6097,6.6,7.9,8.7,9.6,10.2
6099,11.1,12.5,14.2,15.6,16.8
6101,11.2,13.4,14.2,14.8,15
6103,9.8,11.3,13.6,15.1,15.8
6105,10.9,13.4,14.7,16.1,15.8
6107,10.4,12.1,13.5,14.1,14.5
6109,8.9,10.6,13.1,16.2,17.3
6111,6.2,7.2,8.3,9.3,9.6
6113,8.2,8.9,9.7,10,10.4
6115,12.1,14.6,17,18.1,19.3
8001,7.1,7.9,9.1,9.5,10
8003,10.7,10,9.5,10.1,11.5
8005,5.9,6.7,7.4,8.2,8.8
8007,8.3,11.1,12,11.1,10.2
8009,2.6,2.5,2.3,2.6,3.8
8011,8.9,15,12.4,15.8,12
8013,6,6.3,6.7,6.9,7.3
8014,5.7,5.8,6.5,5.7,6.5
8015,5.8,8,8.3,7.6,7.5
8017,2.8,5.9,5.5,2.4,4.3
8019,5.3,7,6,7.3,7.5
8021,7.9,8.9,7.9,8.5,8.7
8023,8.1,11.4,10.8,14.5,16.9
8025,8.5,7.1,13.2,20.1,28.2
8027,5.2,10.5,12.3,15.2,15.4
8029,4.7,6.9,9.5,10.9,11.5
8031,7,7.8,8.3,8.6,8.7
8033,6.7,9.2,9.5,9.1,10
8035,4.5,4.7,5.1,5.4,5.6
8037,4.2,4.4,5.2,5.4,5.7
8039,7,7,6.9,8,7.8
8041,6.9,7.5,8.4,9,9.5
8043,6.4,4.9,7.6,7.5,8.5
8045,3.9,5.6,6.7,7.8,8.7
8047,4.6,4.1,4.5,5.9,6.4
8049,4.2,3.9,4,4.7,5.9
8051,5.9,4.8,6.6,7.1,8.3
8053,0,4.3,2.2,4,4.3
8055,10.1,11.1,11.5,11.8,13.3
8057,4.1,2.2,3.4,2.5,1.5
8059,6,6.7,7.2,7.6,7.7
8061,0.8,3.2,1.8,3.2,4
8063,6.1,4.7,5,4.5,5
8065,6.8,5.4,5.4,7.1,7.8
8067,4.1,5.3,6,6.2,6.5
8069,6.5,7,7.9,7.9,8.1
8071,7,8,7.8,8.8,9.1
8073,8.4,9.2,8.7,5.8,6.7
8075,5,6.3,8.1,10,10.8
8077,5,5.5,6.5,7.8,8.7
8079,3.2,1.1,1.8,5.4,2.9
8081,5.8,4.4,6.2,7.4,7
8083,8.4,8.8,10,11.3,11.7
8085,5.9,7.4,9.1,10,11
8087,7.6,7.4,8,7.5,6.4
8089,8.2,8.3,12.7,12.4,11.9
8091,3.3,7.6,8.8,10.1,11
8093,5.7,5.3,7.2,8.2,8.3
8095,2.3,2.5,4.8,5.5,6.3
8097,2.7,2.3,4.7,6.8,7.1
8099,5.4,5.3,6,7.6,9.7
8101,9,9.6,10.2,10.9,11.6
8103,2.1,3.9,5.6,4.5,5.6
8105,10.3,11.9,11,8.3,8.1
8107,2.9,4.1,4.4,6.2,5.6
8109,9.6,10.5,12.5,8.7,9.7
8111,4.5,9.7,13,12.6,18
8113,4.2,4.2,4.9,5.2,6.1
8115,6.2,6.3,7,7.7,9.9
8117,3,4.7,6.3,6,6.2
8119,5.8,7.9,7.9,9.3,10.5
8121,1.8,2.8,2.6,2.9,4.7
8123,5.9,6.4,6.7,7.2,8.1
8125,3.8,3.3,3.3,2.9,3.6
9001,6.8,7.6,8.5,9.3,9.9
9003,7.3,8.1,9,9.6,10.3
9005,5.9,6.5,7.1,7.6,8.3
9007,4.9,5.6,6.3,6.8,7
9009,7.5,8.2,9.3,10,10.5
9011,5.7,6.2,6.9,8,8.8
9013,5,5.8,6.2,6.6,7.5
9015,8.6,9.5,10.3,10.6,11.2
10001,7.1,7.7,8.2,9.3,9.8
10003,6.3,6.9,7.6,8.1,8.6
10005,6.7,7.4,7.8,8.4,9
11001,9.2,9.4,10,10.5,11
12001,6.7,6.7,7.3,7.9,8.6
12003,8,7.3,11,10.5,11.4
12005,6.4,7.5,8.2,9.5,9.9
12007,8,10,13.2,15.1,15.7
12009,7.1,8.8,10.6,11.8,12.4
12011,7.5,8.9,10.5,11.4,11.9
12013,8.2,8,10.9,11.5,10.2
12015,8.9,11.3,13,13.7,13.7
12017,10.2,12.4,15,15.7,15.8
12019,6.9,8.4,9.6,10.6,11.3
12021,6.4,7.5,9.5,9.9,10.1
12023,10.6,13,16,18.9,18.8
12027,8.5,10.2,10.3,12.8,12.6
12029,7.8,10.2,10.7,8.4,9
12031,7.5,8.7,10,10.9,11.7
12033,8.7,10.3,10.9,11.4,12
12035,7.3,8.6,10.3,12,12.4
12037,9.6,10.7,9.6,10.2,12
12039,8.6,11.1,13.2,13.9,14.1
12041,7,12.9,12.1,16.7,16.5
12043,6.7,7.9,10.6,14.5,15.8
12045,9.2,8.1,10.5,13.2,11.9
12047,12.1,14.1,13.1,14.3,16.3
12049,9.4,11.3,11.8,13.7,13.9
12051,11.7,14,16.2,17.9,15.4
12053,10.1,12,14.3,16.7,17.2
12055,9.5,10.5,13.3,14.9,15.2
12057,7.2,8.6,9.9,10.7,11
12059,7.5,8.7,8.8,10.8,11.1
12061,8.7,10.9,12.4,14,14.7
12063,8.9,8.6,8.5,10.6,12.9
12065,10.5,12,10.7,14.2,14.9
12067,2.7,8.1,5.9,9.9,11.2
12069,7.7,8.1,9.7,11.3,12
12071,7.6,9.9,11.9,13.2,13.5
12073,8,8.4,9.3,10.3,11.2
12075,7.7,10.2,12.7,13,14.8
12077,6.5,17.8,21.2,22.8,20.6
12079,8,8.8,8.9,12.3,14.2
12081,7,8.9,10.6,11.6,11.3
12083,8.8,11,12.6,13.4,13.8
12085,7.8,9.4,10.7,12.5,12.8
12086,7.6,8.5,9.9,11.2,11.8
12087,4.2,5.1,6.1,7.2,7.5
12089,7.6,7.9,8.8,9.5,10.1
12091,5.7,7.1,8.3,8.8,8.8
12093,9.1,11.3,11.8,13.7,15.9
12095,7.7,9.1,10.2,11.2,11.4
12097,8.4,9.7,11.2,12.4,12.8
12099,7.7,9,10.5,11.2,11.8
12101,8.3,9.6,11.2,12.1,12.1
12103,6.3,7.8,9,10,10.5
12105,7.1,9.3,10.6,11.9,12.6
12107,10.3,11.3,12.7,13.9,14.1
12109,5.8,6.7,7.1,7.7,7.8
12111,9.8,11.9,14.1,15.6,15
12113,7.8,9.4,10,10.1,11
12115,7.5,9.2,10.7,11.6,11.4
12117,6.1,7.3,8.8,9.8,10.7
12119,9,11.5,11.2,11.7,13.2
12121,8.1,8.5,9.1,9.8,11.7
12123,11.3,13.1,15.1,12.6,13.2
12125,9.4,9.1,10.5,10.6,9.6
12127,6.7,7.9,9.4,10.2,11.2
12129,6.9,7.3,9.9,9.7,10.5
12131,8.1,8.2,9.9,10,9.9
12133,11.1,9.9,11.7,12.7,13.5
13001,5.7,5.2,6.6,6.8,7
13003,8.5,10,12.5,11.5,10.2
13005,6.6,6.8,6.2,6,4.9
13007,6.6,6.5,9.6,12.6,13.8
13009,6.3,7.7,9.1,9.6,9.8
13011,6.4,8.1,8.7,10.4,10.1
13013,8.8,10.1,11,11.1,12
13015,6.1,7.2,8.6,10.2,11.3
13017,12.1,14.3,11.8,15.5,14.8
13019,7.6,8.6,11.3,12.8,14.3
13021,9.9,9.7,10.3,11.1,11.8
13023,7.2,4.9,6.9,7.7,8.7
13025,7.9,7.7,9.6,10.9,11.4
13027,7.4,8.4,11.9,13.8,15.8
13029,6.5,5.8,6.7,9,10.2
13031,8.3,8.5,7.5,8.5,9.2
13033,11.9,8.9,10,10.7,9.5
13035,6.7,8.8,11.7,13.4,13.1
13037,10.6,10.4,6.4,6,5.7
13039,7.1,9.5,9.3,10.1,11
13043,8.3,9.7,9.9,8.5,9.1
13045,8.7,10.4,11.5,12,12.8
13047,5.9,7,7.8,9.6,10.3
13049,6.3,10.4,13,18,18.5
13051,6.2,6.9,7.8,8.9,10
13053,11.4,10.1,10.3,11,17.9
13055,9.5,10,10.6,9.9,10.3
13057,5.8,7.1,7.3,7.5,8.1
13059,7.1,6.5,7.1,7.7,9.2
13061,14.8,20.5,23.1,20.2,17.3
13063,11,13.1,14.4,15.5,17
13065,8.2,3.7,5.8,7.5,11.8
13067,6.3,7.2,8.5,9.2,9.7
13069,5.9,8.1,8.1,10.1,10.5
13071,8.4,8.4,8.1,8.5,9.7
13073,5.4,6.3,6.4,7,7.9
13075,8.9,11.5,11.5,10.6,10.7
13077,6.4,6.6,7,8.1,8.5
13079,7,6.9,7.8,9.8,12.4
13081,9.7,10.5,11.9,15.2,16.6
13083,6.6,9,10.8,11.3,10.6
13085,6.1,7.9,10.1,10.7,11.1
13087,5,6.2,7.5,8.2,8.6
13089,10.4,11.5,12.5,13.3,14
13091,6.3,7.4,9.1,10.8,11.3
13093,7,8.9,9.8,9.1,8.5
13095,12.3,13.1,13.5,15.5,17
13097,9.7,10.6,12.3,12.9,13.2
13099,8.1,8.4,8.6,9.1,8.6
13101,8.3,7.6,10.7,12.4,8.8
13103,7.2,7.6,7.4,7.4,8.4
13105,9,10.2,11.7,13.4,12.9
13107,8.7,10,12,12.1,14.5
13109,6.8,6.3,7.2,8.9,9
13111,7.4,9.3,12.4,13.5,15
13113,5.2,5.6,7,8.1,9
13115,7.1,8.6,10.4,11.9,12.6
13117,4.4,6.1,7.4,8,8.2
13119,6.4,6.4,8.3,10,10.4
13121,8.4,8.8,9.8,10.8,11.6
13123,7.6,8.3,9.2,10.1,10.9
13125,6.8,8.5,6.9,11.8,11
13127,5.2,7.2,9.1,10.5,11.6
13129,6.7,7.9,8.9,9.7,10.1
13131,9.8,11.4,10.7,10.2,13.3
13133,9.2,12.4,12.2,9.4,10.4
13135,7.1,8.3,9.2,9.9,10.4
13137,7.1,7.9,8.3,9.4,10.4
13139,5.4,6.4,7.6,8.4,9.4
13141,9.6,10.9,15.3,21.9,18.6
13143,11.5,14.6,15.2,14.4,15.6
13145,6.8,7.1,7.4,7.2,8.4
13147,6.9,8.7,9,9.3,9.2
13149,8.3,10,12.7,11.7,13.3
13151,7.2,8.6,9.6,10.8,11.6
13153,7.3,8.6,9.1,10.2,10.7
13155,5.3,11.2,9.4,10.2,10.2
13157,5.5,6.3,7.7,7.7,8.6
13159,9.4,11.2,14.4,14.5,13.1
13161,5.5,6.2,9,10.7,10.5
13163,9.9,12.8,14.1,15.3,17.4
13165,9.7,12.5,15,14.2,13.7
13167,13.4,6.8,7.7,8.3,9.8
13169,7.1,6.1,7.7,7,9.5
13171,13.3,13.6,19.1,18.6,16.3
13173,6.1,6.2,8.3,9.7,11.4
13175,4.9,5.1,5.7,6.2,7.2
13177,5.8,6.3,6.5,7.6,7.9
13179,11.5,11.3,10.7,11.9,13.5
13181,9.6,11.2,13,13,12.2
13183,11.1,8.3,8,13.7,16
13185,7.9,9.3,10.9,12.4,13.3
13187,7.2,9.2,11.2,12.3,13.2
13189,7.1,8.6,8.9,10.3,11.2
13191,9.8,8.1,9.1,10.7,14.2
13193,6.1,7.8,10.9,12.6,16
13195,9.4,7.1,8.1,9.7,7.9
13197,11.1,11.4,13.4,17.6,14.9
13199,9,11,11.5,14.2,16.5
13201,6,5.8,8.3,9.9,9.7
13205,8.1,8.2,10,10.3,11.3
13207,5.4,5.4,8.8,8.7,10
13209,4.2,4.3,5.2,4.5,5
13211,7.5,8.5,8.5,9.7,8.2
13213,9.1,9.8,12.9,13.2,13.1
13215,8.1,9.1,10.4,10.5,12
13217,9.8,11.1,12.6,13.2,13.8
13219,4.8,5.4,6.2,6.1,6.3
13221,7.7,6.6,6.8,5.6,6.9
13223,8.2,9.2,10.3,10.8,10.6
13225,11.7,11.7,12,13.9,14
13227,7.2,9,9.6,9.9,9.8
13229,3.3,3.9,6.8,9.6,8.9
13231,7.2,7.9,8.9,8.7,9.7
13233,8.9,10.7,11.4,13.6,14.3
13235,5.8,11.9,7.9,8.3,10.8
13237,7.5,8.1,8.2,8.6,8.1
13239,10.7,11.5,13.1,15.7,14.4
13241,7.3,9.2,8.6,9.6,9.8
13243,12.2,15.4,16.9,16.9,16.7
13245,10.4,11,12,12.1,13.1
13247,10,12.1,12.6,13.5,13.3
13249,5.9,4.5,6,6.4,8
13251,11.5,14.8,16.3,14,11.8
13253,11.6,11.9,9.6,9.9,9.6
13255,11.5,11.9,13.9,13.9,14.1
13257,10,9.8,10.7,10.9,12.8
13259,6.3,7.9,10,14.4,19.4
13261,10.5,12.6,13.1,13.8,13.2
13263,14.5,16.2,15.7,15.9,14.6
13265,15.8,15.4,15.8,19,17.1
13267,12.1,8.6,11.4,12.4,12.4
13269,6.3,5.2,12.7,16.8,15.8
13271,4.9,3.4,2.8,2.9,2.3
13273,14.9,17.2,15.7,15.1,16.6
13275,8.6,10.2,12.3,12.9,13.3
13277,8.1,8.6,9.1,8.7,8.8
13279,5.6,5.1,6.1,7.5,9.7
13281,5,6.3,7.1,10.6,14.3
13283,8.5,6.7,3.7,4.5,5.6
13285,8.5,10,12,13.3,13.9
13287,5.3,10.2,11.7,13.9,12.4
13289,8.2,12.5,9.7,11.2,13.2
13291,9.2,9.1,11.2,14.3,14.2
13293,12.7,14.1,14.6,15.3,15
13295,9.3,10.8,12.3,13.1,11.4
13297,7.6,8.1,9.1,9.5,8.7
13299,8.6,7.5,8.3,10.4,9.8
13301,5.7,9,11.6,14.4,15.9
13303,6.2,8.5,10,9.8,11.6
13305,8.6,8.7,9.3,11.7,14.2
13307,14.3,13.5,7.3,6.7,9
13309,4.1,3.1,4.3,3.4,4.1
13311,6.8,5.8,7.4,8,8.8
13313,8.1,8.9,10.1,11.5,12.9
13315,9.2,9.2,11.9,10.4,10.6
13317,11.8,13.1,13.3,13.3,13.4
13319,4.5,5.5,6.1,5.8,7.7
13321,11.3,14.3,13.6,12.6,12.9
15001,6.2,7.7,9.2,9.6,10.8
15003,4.7,5,5.5,5.8,6.1
15005,0,0,0,0,0
15007,5.3,5.7,6.7,7.3,7.2
15009,5,6.8,8.2,8.2,8.5
16001,6,6.6,7.8,8.5,8.4
16003,8.9,9.8,8.6,10,10
16005,6.3,6.4,7.1,7.7,8.2
16007,5.3,4.3,5.1,4.5,5.6
16009,5.9,6.9,7.6,9.8,10.5
16011,6,5.8,5.9,6.8,7.6
16013,4.4,5.7,6.4,7,6
16015,12.6,13.6,14.3,14.4,12.9
16017,4.8,5.7,6.3,8.3,8.7
16019,4.8,5.3,5.6,6.4,6.6
16021,5.4,5,6.9,5.6,5.5
16023,3.4,5.3,5.6,6.6,8.9
16025,3.4,9.7,12.5,10,12.9
16027,8.7,9.9,11.1,12,12.1
16029,2.3,3.3,4,4.3,4.5
16031,6.3,7.2,8.8,8.3,8.3
16033,2.5,1.9,0,0.5,0.3
16035,8.8,9.1,10.7,11.4,10
16037,5.6,6.9,6.2,5.8,6
16039,7.3,7.8,8.7,10.2,10.5
16041,5.3,6.5,7.5,6.6,7
16043,3.8,4.3,5.5,5.8,6.9
16045,7.5,8.3,11.8,14.9,15.1
16047,3.2,4.5,4.4,4.7,5.6
16049,6.9,9.2,8.8,8.1,8.2
16051,4.7,5.3,5.8,6.1,6.6
16053,2.9,3.9,5.7,5.9,7.2
16055,6.6,7.5,8.3,9.4,9.6
16057,7.6,7.5,7.5,6.5,8.5
16059,6,9.3,7.9,8.5,8.8
16061,6.1,7.4,9,7.1,7.6
16063,2.9,5.3,7.1,8,8.5
16065,7.7,7.7,8.4,8.4,10.8
16067,6.4,7.6,7.7,7.1,5.8
16069,7.3,6.5,6.3,6.7,6.3
16071,3.8,3.3,3,3.9,4
16073,10.8,11,10.2,12.3,12.9
16075,8.6,9.5,9.8,11.9,12
16077,10.6,7.5,7.8,8.2,8
16079,5.2,5.8,8.9,10.1,11.6
16081,4.8,4.3,8.6,9.5,11
16083,4.9,5.8,7.1,7,7.3
16085,6.8,7.6,6.8,7,7.4
16087,6.9,9.9,9.2,12.1,13.7
17001,5.3,5.9,6.3,6.6,7.6
17003,9.8,10.8,12.2,14.6,17.2
17005,11,10.4,9.4,9.7,7.6
17007,9.4,9.9,11.8,11.4,12.2
17009,4.2,6,7.2,6.8,6.8
17011,6.8,7.4,7.6,8.3,9.8
17013,7,9,6.8,9.1,8.2
17015,7.1,6.8,8.5,8.6,9.3
17017,7.5,7.9,6.3,8,11.5
17019,6.6,6.5,7.4,7.2,7.4
17021,6.1,6.9,6.9,6.5,7
17023,6,7,7.5,9.3,9.5
17025,8.2,8.7,9.5,11.1,9.9
17027,5.1,5.5,5.5,5.7,6.2
17029,10.4,10.4,11.8,10.9,12.6
17031,9.3,9.9,10.8,11.5,12.2
17033,11,13.7,14.6,11.6,10.9
17035,9.6,9.1,8.8,7.8,9.2
17037,9.1,9.1,10.2,10.6,10.6
17039,8.4,7.1,6.6,6.8,6.9
17041,5,5.4,6.8,6.1,6.4
17043,6.1,6.9,7.7,8.4,8.6
17045,8.2,8.6,9.2,10.3,11.7
17047,5.3,7.2,8.6,10.8,9.5
17049,4.1,4.6,5.3,5.6,5.8
17051,6.8,6.8,8.5,9.5,10.3
17053,6.1,8,9.1,9.1,9.1
17055,10.2,11.5,9.9,9.8,11
17057,7.9,8.3,8,8.2,9.1
17059,8.4,10.3,10.2,8.9,11.6
17061,4.7,5.7,6.5,7.7,8.3
17063,7.9,8.6,9.7,10.3,9.9
17065,7.2,7.9,7.8,5.3,7.8
17067,5.7,6.4,6.6,7.4,7.5
17069,8.1,5.8,8.7,10.3,13.8
17071,6,7.1,6.7,6.9,7.8
17073,5.1,5.3,5.9,5.9,5.7
17075,6.3,7.7,8.2,8.5,9
17077,11.3,9.7,9.3,9.4,9.7
17079,7.5,6.5,7.7,7.1,7.5
17081,7.5,8.8,9.9,10.3,10.8
17083,4,5.2,5.5,6.8,9
17085,4.4,5.3,5.3,5.8,6
17087,9.2,7.6,8.7,10.9,11.4
17089,6.7,7.7,8.7,9.2,9.5
17091,9.9,10,10.7,11.2,11.5
17093,5.7,6.6,7,7,8
17095,7.9,8.2,8.9,8.6,9
17097,6.8,7.7,8.6,9.1,9.6
17099,8.3,9.5,9.8,10.7,11.3
17101,7.5,8,5.9,5.6,5.5
17103,7.9,8.4,9,9.2,8.6
17105,5.9,6.8,7.5,7.7,7.7
17107,5.9,5.7,5.6,6,7.1
17109,8.1,9,9.2,9.6,9.9
17111,6.6,7.6,8.8,9.8,10.3
17113,6.2,6.1,6.6,6.6,6.6
17115,7,8.3,8.9,10.2,11.7
17117,7.3,7.6,7.4,7.6,8.9
17119,7.1,7.2,8,8.7,9.3
17121,8.5,10.2,10.5,10.9,10.9
17123,5.9,7.2,7.3,7,7.6
17125,9.4,8.2,8.1,10.9,11.9
17127,5.7,6.1,8.1,7.4,9.5
17129,4.2,3.5,4.2,4.9,5.6
17131,6.9,6.2,5.7,5.6,6.1
17133,4.9,4.5,5.4,6.2,6.3
17135,7.1,7.1,7.4,5.9,6.2
17137,6.8,7.5,8.5,7.7,8.1
17139,5,5.4,5.4,5.3,5.5
17141,7.6,9,10.4,9.8,10.6
17143,6.7,7.6,8.6,8.4,9.3
17145,8.6,9.3,8.8,8.8,9.2
17147,4,3.9,3.7,4.8,5.6
17149,6.2,6.6,7,6.6,6.6
17151,5.6,6.2,6.1,7.3,7.5
17153,14.2,13.6,12.8,12.9,13.1
17155,7,7.4,10.2,11.2,11.2
17157,6.7,6.4,7.2,7.2,7.2
17159,6.8,7.1,5.8,5.9,7
17161,7.6,7.8,7.7,7.7,8.2
17163,8.7,8.8,9.2,9.5,9.5
17165,7.9,8.7,9.1,11.1,12.8
17167,6.3,7.1,7.5,7.6,8.2
17169,6.3,6.3,5.1,4.3,6.5
17171,5,5.2,4.9,6,8.2
17173,5.2,5.6,6.3,6.9,7.4
17175,6.8,6.7,7.7,8.4,8.3
17177,8.2,9.3,10.4,11.5,12.3
17179,5.6,6.2,6.2,6.3,7.3
17181,7,8.5,10.2,10.1,9.5
17183,9.8,10.3,11,11.4,11.9
17185,6.5,5.8,6.5,8.1,8.4
17187,6.3,7.1,7.8,9.8,10.9
17189,5.6,5.1,4.4,5,5.8
17191,8.2,7.2,6.6,5.4,5
17193,7.4,7.8,7.4,8.6,7.9
17195,6.2,7,8,8.4,8.8
17197,7.1,7.8,8.6,9.1,9.7
17199,10,9.8,8.6,9.1,9.4
17201,9,10.1,11,12,12.8
17203,4.5,4.6,5.5,5.6,6.4
18001,8.1,8.8,8.6,7.8,8.7
18003,7.7,8.4,8.9,9.3,9.7
18005,7,6.9,6.9,6.9,6.7
18007,6.5,6.4,7.9,8.1,6
18009,11.8,12.7,12.9,13.3,12.7
18011,3.7,3.8,4.6,4.3,4.8
18013,6.8,8.9,8.8,9.1,8.3
18015,5.3,6.8,8.1,9.2,10.1
18017,7.1,7.8,9.3,10.1,10.4
18019,6.6,7.6,8.2,8.7,8.8
18021,6.8,7.2,8.4,9.3,8.7
18023,7.5,8.3,9.2,9.4,9.3
18025,12.1,10.7,9.4,10.8,10.6
18027,5.2,5.3,5,4.5,5.1
18029,6.8,6.8,7.9,8.2,9.1
18031,6,7.7,9,9.5,10.3
18033,9.1,9.6,10.3,11.2,10.8
18035,10.6,11.7,12.9,13.2,12.6
18037,4.1,4.2,4.4,4.9,5.4
18039,8.8,9.9,10.9,11,11
18041,10.3,12,14.2,15.4,15.2
18043,7,7.7,7.7,8.5,8.8
18045,8.2,9.4,9.3,10,10.2
18047,6.2,7.1,6.4,7,7.4
18049,7.3,7.5,8.2,8.3,8.3
18051,5,6.6,6.9,6.6,5.9
18053,10.2,11.3,11.2,10.9,10.1
18055,9.2,9.8,9.5,9.6,8.3
18057,4.2,4.2,4.6,5,5.4
18059,5.3,6,6.3,6.6,7.5
18061,6.8,7.5,8.7,9.2,9.6
18063,4.1,4.8,5.1,5.5,6.1
18065,8.4,9.9,11.4,12.4,12.7
18067,9.3,10.2,11.2,11.8,11.2
18069,8.1,9.3,11.1,11.4,10.9
18071,8.2,9.4,10.2,10.2,9.8
18073,7.6,7.7,7.9,9.1,9.2
18075,7.5,8.5,9.8,10.5,10.6
18077,7,7.2,8.1,9.4,9.5
18079,10.8,11.7,14.3,13,14.8
18081,5.5,5.9,6,6.9,7
18083,5.3,6.6,6.9,7.1,6.8
18085,8.2,8.6,9.3,10.1,9.1
18087,7.1,8.2,8.9,9.6,9.2
18089,9.2,9.9,10.3,11.2,11.6
18091,7.9,9.6,10.3,10.9,10.9
18093,9,9.9,9.2,9.8,9.3
18095,9.5,9.8,10.9,11.4,11.7
18097,9.3,10,10.7,11.2,11.8
18099,6.6,7.9,8.8,9.3,10.5
18101,6.8,6.1,7.3,7.9,6.8
18103,10.5,11.5,11.7,13.5,12.8
18105,6.3,6.7,7.1,7.6,7.5
18107,6.9,7,8,9.4,9.7
18109,7.4,8.7,9.1,9.2,8.5
18111,7.4,7.8,9.1,9.6,9.8
18113,8.3,9.5,11.6,11.5,11.2
18115,5.9,7.3,8.7,10.2,9.2
18117,11.6,11.7,11.7,9.8,10.3
18119,5.9,7.7,8.6,8,8.8
18121,6.9,7.5,8.7,8.5,8
18123,5.4,5.9,7.1,7.4,7.6
18125,5.5,7.4,7.6,6.7,5.8
18127,6.6,7.5,7.8,7.9,8.7
18129,4.5,6,7.1,7,6.5
18131,7.8,7.6,8.5,9.6,9.5
18133,6,6.8,8.1,8.5,8.9
18135,9.1,9.3,8.8,9.5,9.4
18137,6.9,7.8,8.3,8.6,8.8
18139,7,9.4,9.4,9.4,9.2
18141,8.1,9.5,10.1,11.1,11
18143,7.7,9.6,13.4,13.5,14.9
18145,6.9,7.7,8,9.9,10
18147,5,6.3,6.6,7.1,7.6
18149,10.4,11.2,13.6,13.3,14.4
18151,6.9,8.3,9.9,10.6,11
18153,6.2,6.7,8.3,8.5,8.3
18155,7,7.9,10,10.9,11.3
18157,7.9,8,7.8,8,8.4
18159,5.9,6.4,7.1,8.4,7.5
18161,5.3,6.4,7.5,9.1,10.5
18163,6.1,6.3,6.8,6.4,7.1
18165,6.3,6.7,8,9,9.8
18167,7.9,8.3,8.3,8.3,8.6
18169,9.1,8.5,10.2,10.2,10.1
18171,7.6,8.3,7.6,6.6,6.5
18173,5,5.7,6.1,6.8,7
18175,9.1,8.9,9.8,10.5,11.3
18177,9.8,11.1,11.6,11.7,11.3
18179,8.4,8.8,9.3,8.3,7.6
18181,6.7,7.7,8.4,8.6,9.1
18183,8.1,8.9,10.1,9.6,8.4
19001,4.6,4.5,4.4,4,3.9
19003,2.5,2.9,3.6,4.3,4.7
19005,4.6,5.6,6.9,7.9,6.3
19007,9.3,10.7,10.3,9.7,8.6
19009,4.2,3.6,3,2.6,2.6
19011,4.8,4.7,4.7,4.9,5.2
19013,6.3,6.9,7.1,7.3,8.2
19015,4.4,4.5,4.2,4.6,5.5
19017,3.1,5,5.1,4.9,4.3
19019,4.9,4.7,5.2,5.3,5
19021,3.3,4.2,3.6,3.2,3.8
19023,3.9,4.3,4.7,4.6,4.3
19025,3.6,3.5,3.9,3.8,4.1
19027,3.1,2.7,2.8,2.7,3
19029,5.1,4.6,5.2,4.4,3.2
19031,3.5,3.7,3.5,4.1,3.7
19033,4.5,5.7,6.1,5.8,6
19035,3.6,4,3.3,2.8,4.4
19037,5.3,5.9,5.5,5.4,5.6
19039,5.4,4.9,5.2,4.4,5.4
19041,3.6,4.9,5.3,6.5,5.7
19043,4.8,5.3,5.2,5.1,5.7
19045,5.9,6.7,7,6.9,6.6
19047,5.4,4.6,4.4,4.6,5.3
19049,3.9,3.5,4.2,3.5,3.4
19051,6.2,6.9,6.8,6.9,6.7
19053,4.4,4.7,6.7,7.5,8.6
19055,3.7,4.5,3.9,4.2,4.4
19057,6.5,7.9,8.1,7.6,8.5
19059,5.4,6.4,4.8,4.4,4.3
19061,4.2,4.8,5,4.9,4.8
19063,2.9,4.2,4.3,5.5,5.6
19065,4.9,5,5.4,6,5.5
19067,5.4,6.1,5.9,6.4,5.4
19069,4.8,4,3.5,4.3,4.6
19071,4.6,5,4.5,4.5,4.9
19073,4,4.4,5.9,5.5,5.8
19075,2.1,2.8,3.3,3.9,5.3
19077,3.8,3.6,5.6,5,5.3
19079,3.8,4.2,4.9,6.3,6.6
19081,5.7,5.9,5.5,5.1,3.9
19083,5.3,5.2,5.4,6,6.1
19085,4.9,4.8,4.8,5.2,4.7
19087,5.3,5.7,6.6,5.9,7.1
19089,5.3,4,3.7,4.5,4.9
19091,2.9,3.8,3.4,3.6,3.8
19093,4.3,3.5,3.9,4.3,3
19095,3.4,3.4,3.3,3.7,4.1
19097,3.9,3.7,4.7,4.2,4.2
19099,5.2,5.5,5.9,6.3,5.6
19101,7.5,5.4,5.6,5.5,6.9
19103,4.3,4.2,4.5,4.3,4.3
19105,4.9,4.2,4.7,5.4,5.8
19107,5.3,4.4,5.1,6.3,6.8
19109,2.8,3,2.7,2.9,2.6
19111,7.4,7.1,8.4,8.1,8.6
19113,4.8,5,5,5.1,5.5
19115,6.4,8.3,7.6,7.9,7.7
19117,9.7,10.9,10.5,10.7,9.8
19119,2.1,2.7,3.4,3.6,3.1
19121,3.4,4.2,5.4,5.6,6.6
19123,5.5,6.3,7.5,8,7.7
19125,4.4,5.1,5.1,5,4.4
19127,6.1,7,7.1,7.1,6.9
19129,3.6,4.2,4.7,4.5,4.4
19131,3.6,4.5,4.2,3.6,3.5
19133,5.9,5.9,5.5,6.4,6.4
19135,7.3,6.7,7.9,6.3,6
19137,5.3,7.5,7.5,9.2,9.3
19139,7.6,8.1,8,7.2,7.7
19141,3.6,3.3,2.9,3.1,3
19143,3.5,2.9,3.1,3.3,3
19145,6,4.6,5.3,5.9,6
19147,5.2,5.8,6.7,6.5,5.1
19149,2.5,2.8,2.3,2.3,3.4
19151,4.9,4.5,5,5.1,4.8
19153,4.8,5.4,5.8,5.8,6.2
19155,6.2,6.5,6.4,6.3,6.5
19157,5.5,5.3,6,5.9,6.8
19159,3.2,4.7,5.3,5.6,5.7
19161,2.9,3.6,3.8,3.8,4.4
19163,5.2,5.5,5.6,5.7,5.8
19165,4.3,4.3,3.8,2.7,3
19167,2.1,2.5,2.4,2.6,2.4
19169,4.7,4.9,5.4,5.7,6.2
19171,4.3,5.5,5.1,6.4,7.1
19173,3.3,4.3,6.1,5.1,4.6
19175,3.9,5.4,6.1,6.5,7.1
19177,7,6.4,9,9.1,7.9
19179,8,7.9,8.2,9,9
19181,3.6,3.8,4.1,5.2,5.5
19183,5,4.5,3.9,4.4,4.6
19185,5.5,9.4,8.9,8.4,9.3
19187,7.4,7.3,9.4,9.5,10.2
19189,4.8,4.6,5.1,3.9,5.8
19191,3.7,3.9,4.1,4.1,3.7
19193,6.1,6.2,5.8,5.6,5.6
19195,3.9,5.6,5.5,5.2,5.8
19197,3.7,5,3.9,5.3,6.7
20001,5.2,4.9,6.3,8.5,7.7
20003,3.4,4.6,6.8,6.6,7.6
20005,7.1,7.3,7.7,8.2,8.7
20007,1,1.1,1.1,1.8,2.5
20009,5.6,5.2,5.6,6.4,7
20011,3.2,4.2,5.2,5.5,6.4
20013,4.6,5.5,5.3,5.8,5.8
20015,5.6,6.2,6.4,6.4,6.8
20017,3.5,4.4,4,5.4,4.6
20019,2.9,4.6,5.7,5.7,4.7
20021,4.8,6.1,5.6,5.7,6.6
20023,0.7,2.3,2.3,3,2.3
20025,2,3,3.5,0.9,1.4
20027,2.4,2.3,2.4,1.7,1.8
20029,4.4,5.6,6.1,5.8,6
20031,2.7,4.1,5,6.3,6.2
20033,0.9,0,0.9,2,3.1
20035,5.9,6.3,7.3,8,8.3
20037,6.7,6.8,6.6,7.6,7.6
20039,1.3,2.8,3.9,4.1,4
20041,3.6,5.3,5.2,5.9,5.8
20043,6.1,5.2,5.4,4.9,6
20045,6.4,6.9,7,7.2,6.9
20047,2.6,3.8,5.1,4,4.9
20049,6.8,7.3,7.8,8.7,7.4
20051,4.6,3.7,4,4.5,4.1
20053,3.1,4.5,5.4,5.3,4.7
20055,5.1,3.7,3.4,3.6,4
20057,3.8,3.8,5,6.5,6.3
20059,5.5,5,6.5,6.3,7.7
20061,5.7,6.5,6.4,7.2,8.3
20063,1.3,2.5,2.9,3.9,2.7
20065,1.2,3.6,4.1,3.3,1.3
20067,2.4,4.7,6.9,5.9,6.5
20069,3,3.2,3.5,3.3,4
20071,1.2,1.2,0.9,1.2,2
20073,7.9,8.3,8.1,6.3,6.4
20075,2.5,2,3.3,2.9,3
20077,2.9,3.9,4.5,4.2,6.2
20079,5.4,5,5.7,6,5.6
20081,6.4,5.9,4.3,4.2,5.4
20083,3.1,3.1,4.1,3.7,3.8
20085,3.7,3.9,3.8,4.1,4.7
20087,4.3,4.2,4.9,5.6,6.4
20089,2.8,3.7,4.3,3.1,3.5
20091,4.3,4.6,4.9,5.3,5.4
20093,2.5,2.6,3,2.7,3.2
20095,3.6,3.2,3.7,4.3,5.3
20097,3.5,4.2,4.1,4.5,4.4
20099,5,6.5,7.1,7.8,7.7
20101,2.7,3.8,4.9,2.8,5.4
20103,6.3,6.5,7.3,8.1,8.2
20105,3.2,3.8,4.4,5.5,6.1
20107,5.4,5,6.5,7.1,8.7
20109,2.5,2.2,2.6,3.1,4.9
20111,6.7,7.9,7.3,7.1,7.1
20113,2.1,2.4,3.2,3.3,3.5
20115,3.2,3.2,4.2,5.8,5.6
20117,1.6,2.3,2.9,3.2,2.9
20119,4.2,3.8,3.8,3.8,3.4
20121,4.6,6.4,7.1,7.1,7.3
20123,1.7,1.4,1.3,1.6,2.2
20125,7.2,9.3,10.3,11.4,11.4
20127,2.5,3.4,4.5,4.9,4.4
20129,2.9,3.8,3.9,2.1,3.7
20131,2.6,1.9,2.1,1.8,1.6
20133,8.3,8.4,9.6,9.8,8.6
20135,2.1,3.2,2.3,2.1,3
20137,1.7,1.8,2.4,1.4,2
20139,6.3,6.6,6.7,7.2,8.9
20141,2,1.4,1.9,3.2,3.9
20143,3.4,5.6,5.6,5.4,5.6
20145,4,4.7,4.9,5.6,5.1
20147,2.2,3.3,4.4,4,4.9
20149,1.7,2.4,2.4,2.5,3.3
20151,2.9,3.3,4.5,4.5,4.6
20153,1.4,1,1.3,2.1,1.6
20155,4,4.8,5.3,5.8,6.7
20157,5.1,4.9,3.4,3.8,4.4
20159,5.4,6.5,6.3,5.9,6.3
20161,4.3,4.5,4.7,4.2,4.7
20163,4.9,3.8,4.2,4.7,5.5
20165,4.4,5.5,6.1,6.8,8.2
20167,1.5,1.3,3.2,4.2,6.2
20169,4.4,5,5.3,5.3,6.2
20171,1.1,0.8,1.1,1.8,2.8
20173,6.9,7.7,8.2,8.5,8.8
20175,7.2,7.9,9.3,9.5,10.9
20177,6.6,7.1,7.2,7.3,7.9
20179,0.9,1.2,1.6,1.8,1.7
20181,4.2,6.2,4.8,4,6.8
20183,2.3,1.8,2.2,1.8,3.8
20185,4.5,4.2,3.3,3,2.9
20187,1.7,4.4,7.3,5.4,6.2
20189,3.3,3.7,3.7,3.7,3.8
20191,5.7,6.5,7,6.7,8.5
20193,4,4.7,4.3,2.6,2.4
20195,1.2,0.9,1.1,1.2,1.4
20197,4.5,4.8,4.8,4.5,5
20199,2.2,2,1.5,0.6,3.3
20201,1.8,2,2.6,3.3,3
20203,1.8,2.6,3.5,4,4.7
20205,5.7,6.8,6.9,7.7,7.3
20207,6.7,8.1,6.9,8.7,7.3
20209,11.4,12.2,12.7,13,13.1
21001,9.7,11,12.7,10.7,10.2
21003,9.8,13.3,14,13.5,13.2
21005,6.6,6.8,7.8,7.8,8.1
21007,6.7,8.2,7.6,8.6,8.3
21009,7.3,7.1,7.3,7.6,8.4
21011,8.2,11.3,14,14,12.9
21013,8.2,9.8,11.8,13.5,12.8
21015,5.3,5.6,5.5,6.4,6.9
21017,5.3,7.5,10.1,10.1,10
21019,7,7.6,9.9,10.6,11.6
21021,8.3,8.3,8.4,9.7,10.4
21023,6,6.8,7.2,7.4,8.4
21025,11.5,12,9.8,12.1,13.8
21027,11,12.4,13.8,14.6,15.2
21029,7.5,7.9,8.5,9.3,9.7
21031,9.4,9.8,10.3,10.5,11
21033,7,7.6,10.4,10.4,11.1
21035,9.1,8.3,9,10,9.7
21037,5.9,6.9,7.4,8,8.5
21039,9.5,11.7,12.3,7.3,8.4
21041,11.6,14.4,13.7,15,16.2
21043,7.8,8.4,8.3,9.7,11.4
21045,6.4,6.8,6.9,8.3,9.1
21047,12.2,12,13,14.1,14.3
21049,7.7,8.3,8.7,8.4,9.6
21051,22.9,23,26.1,26.1,21.6
21053,9,9.8,8.2,10.4,11.5
21055,8.2,9.2,8.3,9.9,8.4
21057,7.5,6.7,11,12.2,14
21059,6.7,6.5,6.8,6.8,7.4
21061,9.3,9.5,11,10.2,12.3
21063,19,17.7,12.4,14.7,10
21065,10,11.6,13.5,14.3,16
21067,5.4,6.3,7.2,7.7,8.2
21069,8.1,8,9.2,9.1,9.7
21071,10.4,10,9.5,9.2,9.4
21073,6.5,8.1,8.5,9,10.3
21075,15.9,15.2,15.5,15.6,15.1
21077,12.4,10.9,11.5,10.6,11
21079,10.3,11.2,12.6,12.2,12.5
21081,7.4,9,9.9,10.8,12.2
21083,9.3,9.5,9.8,10.7,9.3
21085,9.4,9.9,12.6,11.8,12.6
21087,7.7,7.7,9.1,10.4,10.7
21089,7.4,8.7,9.1,10.3,10.8
21091,5.9,7,6.2,6.3,6.3
21093,6.2,6.9,8.3,8.8,9.3
21095,9,8.2,9.6,9.6,10
21097,6,7.8,9.7,10.2,11.5
21099,9.3,9.5,11.9,11.2,10.3
21101,5.8,7.7,9,9.5,10.1
21103,5.4,8.4,8.8,8.8,8.1
21105,13.7,16,11.9,11.1,13
21107,7.7,9.3,8.3,9,8.9
21109,13.2,13.7,13.5,12,9.6
21111,7.9,8.7,9.5,10,10.1
21113,7,7.1,7.8,7.7,9
21115,9.2,9,8.2,8.2,8.8
21117,6,6.6,7.3,8.1,8.9
21119,13.6,9.8,9,8.5,9.7
21121,11.8,13.7,15.9,18.1,18.6
21123,5.8,7.9,8.1,10.2,11.3
21125,8.6,8.8,11.4,11.6,12
21127,11.8,14.1,10.8,11.7,9.5
21129,13.5,8.8,9.9,10.3,11.1
21131,10.5,11,7,8.1,12.6
21133,8.6,8.7,10,10.4,12.3
21135,16.5,14.8,10.7,10.3,10.1
21137,7.1,9.2,10.6,10.6,12.3
21139,4.9,5.8,9.3,8.9,9.2
21141,8.3,9.4,9.5,9.9,9.7
21143,7.6,6.7,8.6,9.3,8.2
21145,7.2,7.6,8,7.5,8.2
21147,18.9,15.6,16.1,17.9,16.4
21149,6.2,6.2,7.1,8.5,8.8
21151,7.7,7.5,8.8,9.1,9.1
21153,10.9,9.5,10.8,15.9,16.5
21155,6.5,5.8,6.9,7.7,8.8
21157,6.8,6.5,6.3,7.5,8.8
21159,13.6,17.1,12.1,12.8,15.2
21161,9.2,9.2,9.6,7.9,7.6
21163,9.4,9.3,10.5,11.2,11.5
21165,4.9,6.8,11,15.2,13.7
21167,8.3,9.2,11,13.2,13.3
21169,5,5.3,6.6,7.5,9.1
21171,5.8,8.1,7.2,7.9,9.2
21173,4.7,7.2,8.8,11.3,13.2
21175,5.4,6.3,7.8,9.3,11.4
21177,8.5,8.3,8.1,7.8,8.5
21179,6.8,7.5,9.6,10.6,11.1
21181,5.5,4.9,5.3,6.8,6.7
21183,9.3,9,9.9,9.5,9.1
21185,4.5,5.7,6.1,6.4,6.2
21187,4.6,5.1,6,6.9,8.4
21189,5.7,14.5,17.8,15.5,14.4
21191,8.4,9.3,9,7.4,8.6
21193,9.8,10.3,8.6,11.6,12.5
21195,8.4,7.8,8.1,8.7,10.6
21197,9,8.5,10,12.9,11.5
21199,8.6,7.9,8.2,9.2,9
21201,13.6,18.2,20.5,16.9,14.4
21203,10.6,9.1,10.4,10.4,12
21205,5.7,6.2,6.3,7.5,7.5
21207,9.3,7.3,8.8,11.2,11.6
21209,6.4,7.3,8.6,9,8.9
21211,4.5,5.6,7.3,8.4,8
21213,7,9.5,8.7,8.9,9.5
21215,9.9,9.7,9.5,8.7,8.4
21217,10.2,10,10.2,11.7,11.9
21219,8,9.2,8.1,8.4,8.2
21221,8.2,7.7,8.9,8,8.8
21223,8.5,8.3,8.1,10.6,12.5
21225,7.2,8.6,9.5,8.3,8.8
21227,6.1,8,8.6,9.5,9.2
21229,8.5,9.9,10,10.3,8.1
21231,9.8,13.3,14.9,16.6,15.3
21233,6,8,5.8,6.1,6.3
21235,9.6,10,10.3,10.8,11.4
21237,4.8,6.7,8.3,9.8,6.7
21239,6,6,6.4,7.7,7.2
22001,7.1,6.7,8.3,8.6,9.2
22003,6.4,5.8,7,7.5,9
22005,4.7,5.3,6.2,6.2,6.1
22007,7.5,7.6,9.1,10.6,11.1
22009,8.7,9.4,9.6,10.1,10.2
22011,7.4,7.7,7.8,6.9,7
22013,8,7.5,7.5,9.9,12.4
22015,7.4,7.3,7.2,6.7,6.6
22017,9.2,9.3,8.8,8.6,8.2
22019,7.7,7.7,8,8.7,9.1
22021,7.8,8.4,7.6,7.1,8.5
22023,0.8,2,4.8,5.7,5.9
22025,12.2,12.3,13.3,11,12.1
22027,13.6,15.1,16.4,16.4,14.6
22029,14.4,17.5,19,17.2,18.6
22031,8.1,9.9,10.6,9.2,9.9
22033,7.4,7.4,7.7,7.7,8.2
22035,15.5,13.8,16.9,21.3,21.1
22037,10.9,12.6,9.8,9,6.7
22039,7.5,6.4,6.4,7.4,8.1
22041,14.2,12.9,12.4,13.2,12.3
22043,4.6,6.6,8.3,8.6,10
22045,7,7.8,7.8,8.5,9.9
22047,7.7,5.3,6.4,6.9,8
22049,7.5,8.1,7.2,6.6,7.2
22051,6.9,6.8,6.7,7.2,7.5
22053,6.8,7.5,9,8.8,10
22055,5.3,5.5,5.8,6.4,6.4
22057,3.9,4.3,4.7,5.6,5.9
22059,7.6,6.5,5.5,5.1,6.2
22061,13,12.3,10.9,11.1,12.1
22063,4.2,5.2,6,6.6,7.8
22065,16.9,13.6,16.6,19.6,21.5
22067,9.2,11.2,11.5,10.6,10.7
22069,10.4,10.4,9.3,9.4,10.1
22071,12.5,12,11.4,11.8,12
22073,7.7,7,7.5,8,8.1
22075,6.3,5.9,6.9,5.8,5.1
22077,6.6,6.3,6,7,6.7
22079,6.4,6.7,7.6,7.9,8.7
22081,10.6,10,8.9,12.3,13.3
22083,12.9,13.4,12.7,12.9,12.6
22085,6.8,7.9,11,11.3,11.1
22087,9.2,10.6,11.9,12.1,12.4
22089,6.7,6.7,7,7,8.6
22091,8.5,13.5,12.8,12.5,13.9
22093,6.6,6.3,9.9,10.6,10.5
22095,7.9,9,10,11.6,10.9
22097,7.5,6.6,6,6.4,6.7
22099,6.4,7.3,8,8.4,8.6
22101,6.5,6.8,8.7,11.3,11.8
22103,5.1,5.7,6.1,7,7.8
22105,8.7,10.6,10.6,11.1,12.8
22107,9.9,7.7,6.7,8.6,11.1
22109,5.3,5.8,5.9,6.5,6.9
22111,5.1,6,6.6,7.6,7.4
22113,4.2,5.2,5.9,7.7,8.6
22115,6.8,7.7,7.4,7.4,7.2
22117,11.5,13.5,15.6,15.9,15.8
22119,7.7,9.8,10.1,11.1,10.6
22121,7.5,7.7,7.5,7.7,6.2
22123,9.1,8.6,9.1,10.7,9.2
22125,6.8,6.9,6.8,8.2,8.9
22127,9.4,8.5,8.1,7.6,8.4
23001,8,7.9,8.8,8.9,9.4
23003,6.1,5.9,6.7,7.5,7.4
23005,4.8,5.2,5.5,5.9,6.2
23007,8.6,8.4,8.7,8.9,8.6
23009,6.3,6.3,7.4,8.1,8.2
23011,6.2,6.6,7.8,8.2,8.4
23013,4.6,5.2,4.9,5.3,5.1
23015,6.3,6,6.3,6,5.8
23017,8.5,9.8,10.8,10.9,10.3
23019,5.8,6.3,7.1,7.5,8.2
23021,6.5,6.3,7.1,8.4,9
23023,4.9,5.6,5.2,5.7,6.4
23025,8.8,8.4,8.9,9.1,9.2
23027,7.2,7.8,8.7,8.3,8.6
23029,9.6,10.4,10.9,10.9,11.2
23031,5.4,6.2,6.9,7,7.2
24001,8.5,8,8.2,9.1,9.9
24003,5.1,5.5,6,6.3,7
24005,5.5,6,6.8,7.3,7.6
24009,3.9,4.4,5.3,6,7
24011,5.3,6.4,7.6,8.9,10.3
24013,3.4,3.5,4.1,4.8,5.2
24015,6.5,6.9,7.7,8.3,9
24017,5,5.9,6.8,7,7.4
24019,9.1,10.8,12.1,12.2,13.2
24021,4.2,4.8,5.5,6.1,6.2
24023,5.3,5.5,5.6,6,7
24025,4.3,5.4,6.3,7.1,7.4
24027,3.8,4.1,4.6,4.9,5.2
24029,4,5.2,6.4,6.7,7.9
24031,4.8,5.2,5.7,6.2,6.3
24033,7.5,8.3,8.8,9.2,9.9
24035,4.5,5.2,6.7,7,7.1
24037,4.2,4.6,4.8,5.2,5.6
24039,7,7.8,7.9,7,8.5
24041,4.6,6.1,6.7,8.2,8.4
24043,6.1,6.6,7.5,8.1,8.7
24045,7.2,8.3,9.4,10.3,10.5
24047,5.6,7.1,7.9,8.8,10.4
24510,11.1,11.5,12.6,13.7,13.9
25001,5.7,6.2,7,7.5,8.2
25003,7.1,7.5,8.4,9.2,9.9
25005,7.9,8.8,9.7,10.4,11
25007,5,5.9,5,4.8,3.8
25009,6.1,6.8,7.7,8.3,8.7
25011,6.6,7,7.8,8,8.1
25013,9,9.6,10.1,10.4,10.9
25015,7.3,7.2,7.6,7.9,7.9
25017,5.6,6,6.6,6.8,7.3
25019,2.2,2.2,2.8,3.1,3.2
25021,5.5,6.2,6.9,7.4,7.8
25023,7.1,8.1,8.8,9.1,9.6
25025,8.5,9.2,10.1,10.3,10.6
25027,6.6,7.5,8.2,8.7,9.1
26001,14.8,15.2,15.5,14.6,14.5
26003,8.4,10.8,13.5,13.4,13.4
26005,7.5,8.2,8.3,8.7,9
26007,8.5,9.9,11.4,11,11.1
26009,10.8,12.4,13.6,13.6,13.5
26011,10.9,12.8,13.2,13.8,14.4
26013,11.7,10.7,8.9,10,10.2
26015,7.7,9.2,10.1,9.9,10.2
26017,9,9.5,10.2,11.1,11.3
26019,11.6,11.7,11.2,11.1,10.9
26021,9.9,10.4,11,11.5,12.1
26023,10.5,11.1,11.7,12.1,11.8
26025,10.3,11.5,12.7,13.3,13.2
26027,8.4,9.4,9.7,10.5,12
26029,8.7,9.5,9.5,10.1,10.9
26031,16.5,18.1,18.1,18.8,18.3
26033,11.1,11.9,14.1,14.2,13.6
26035,14.7,17.1,18.2,17,18.1
26037,6.1,6.9,7.9,7.6,7.8
26039,13.8,15,16.8,16.3,14.7
26041,6.9,9.1,10.6,10.5,11
26043,7,7.7,8,9.4,9.9
26045,8,8.2,9.3,10,10.3
26047,9.6,9.3,9.8,10,10.1
26049,11.7,14.3,15.3,16.1,16.3
26051,12.1,12.5,13.4,14.6,13.9
26053,9,9.7,9.4,10.2,10.8
26055,7.3,8.2,8.8,9,9
26057,10.2,11.6,11.3,12.1,12.2
26059,10,11.3,12.7,13.2,12.9
26061,6.5,8,8.7,9,9.2
26063,7.5,8.7,9.9,9.6,10.2
26065,8.2,8.9,9.6,10.1,10.8
26067,10.4,11.3,11.7,12.2,12
26069,11.8,14.4,14.9,16.2,16.4
26071,7.6,7.4,7.5,7.7,8.7
26073,12.5,13,13.8,14,13.5
26075,8.8,10.6,11.3,12,12.6
26077,10.3,10.9,11.5,11.6,11.8
26079,13.9,15.4,15.8,15.5,14.8
26081,8.6,9.3,9.8,10.1,10.1
26083,8.1,7.8,8.3,9.2,6.6
26085,13.7,15.4,14.8,15.9,15.6
26087,10.5,11.5,12.7,14.1,14.2
26089,7,8,8.4,8.2,8.6
26091,9.6,11.2,11.3,11.9,11.9
26093,7.9,8.7,9,9,8.7
26095,6.9,9.6,9.7,10.8,11.9
26097,11.9,13.5,14.4,14.4,14.2
26099,10.2,11.7,12.4,12.6,12.5
26101,11.2,11.6,13.2,13.6,13.2
26103,7.1,7.4,7.2,7.8,8.3
26105,9.7,10.1,10.6,11.4,11.5
26107,13,14.1,15.3,15.4,15.4
26109,8.6,10,11.5,12.1,12.5
26111,8.7,9,8.2,8.3,8.5
26113,10.9,11.9,13.3,14.6,13.6
26115,8.9,10.4,11.3,11.3,11.4
26117,13.7,15.1,14.7,14.4,14.3
26119,13.1,16.6,17.7,17.4,18.4
26121,13.6,15.4,15.8,15.8,15.6
26123,11.7,13.2,13.8,14.3,14.3
26125,8,9.1,9.9,10.2,10.2
26127,9.3,9.1,10.1,9.8,9.7
26129,12.2,13,14.6,16.1,16.1
26131,9.1,10.9,12.3,13.5,14.9
26133,10.8,11.5,11.8,12.5,13
26135,13.5,15.2,16.8,16.5,16
26137,8.9,11.1,12.4,11.5,11.7
26139,6.9,7.5,8.3,8.7,8.4
26141,11.7,12.7,13,13.8,14.6
26143,15.5,17.7,16.5,15.5,16.1
26145,11.5,12.6,13,13.1,13.4
26147,12,13.6,14,14.5,14.7
26149,12.3,13.6,14.5,15.2,14.1
26151,12.3,13.4,14.6,15.2,14.6
26153,10.2,9.7,12.9,13.9,17.1
26155,10.4,11.1,11.5,11.6,12.6
26157,11.4,13,14,14.2,13.6
26159,10.8,10.8,10.6,11,10.7
26161,7.3,8,8.8,8.9,9.1
26163,15.1,16.2,17.4,17.9,18.1
26165,11.1,12.2,13.7,15,14
27001,8.6,9.6,8.9,10.1,9.6
27003,5.9,6.7,7.4,7.4,7.8
27005,4.7,5.3,5.2,5.2,5.3
27007,9.6,8.9,10.1,10.5,11.8
27009,7.3,8.1,8.7,9.3,9.8
27011,2.2,2.3,3.3,3.4,3.2
27013,5.6,6,6.5,6.5,6.6
27015,4.2,5.5,5,5,4.5
27017,6.7,7.1,7.5,7.2,7.8
27019,4,4.7,5,5.3,5.7
27021,8.3,8.6,9.2,9.4,9.7
27023,4.9,5.7,5.9,4.9,4.4
27025,6.6,6.8,6.8,7.3,6.6
27027,4.3,4.9,5.9,5.5,5.4
27029,10.2,11.3,10.3,11.1,10
27031,5.1,4.7,6.4,4.2,4.5
27033,4.1,4.2,4.5,4.4,4.6
27035,6.1,7.2,8.3,8.8,8.4
27037,5.3,5.9,6.3,6.4,6.7
27039,3.3,3.7,3.7,3.8,4
27041,5.2,5.3,5.6,5.6,6.1
27043,6,4.8,5.4,5.6,5.7
27045,5.1,5.2,5.8,6.1,6.1
27047,4.7,4.2,5,5.1,5.4
27049,5.5,5.4,6.1,6.1,6.3
27051,4.7,5.2,6.5,4.7,5.1
27053,6.2,6.9,7.5,7.6,7.7
27055,5.1,5.2,5.3,5.3,5.8
27057,6.5,6,6.1,6.1,5.7
27059,7.3,8.2,8.9,9.2,9
27061,7.1,8.8,10.1,10,9.9
27063,3.6,3.3,3.2,4,4.3
27065,8.7,9.8,11,12.6,12.3
27067,4.2,5.5,6.2,6.2,6.9
27069,3.4,2.8,2.9,3.1,2.8
27071,5.9,6.7,7.3,8,7.3
27073,4.6,3.9,3.6,4.5,4.6
27075,3.5,3.6,6,6.7,5.7
27077,8,5.1,4.4,3.9,3.8
27079,6.4,6.7,7.4,6.6,6.3
27081,3.7,3.6,4.2,3.2,3.3
27083,3.9,3.9,3.9,4.8,4.8
27085,3.9,4.8,5.6,5.9,6.1
27087,12.3,13.7,13.4,12.4,9.6
27089,4.7,5.1,5.5,5.6,5.9
27091,2.2,3.4,3.7,4.3,4.2
27093,6.4,7.5,7.3,7.7,7.1
27095,9.4,9.3,10.2,9.4,9.1
27097,6.4,7.6,8.3,8.2,8.8
27099,3.9,4.1,4.7,5.9,6.3
27101,3.5,3.4,3.6,3.8,4.8
27103,4.4,4.2,5.5,4.8,5
27105,4.3,4.7,4.6,5.8,6.6
27107,3.7,4.1,5.1,5.2,5.7
27109,3.6,4.1,4.2,4.3,4.3
27111,5.5,5.5,6,6.1,6.1
27113,6.1,6.5,5.5,5.2,5
27115,8.8,9,9.5,9.5,10.1
27117,3.7,4.3,5.1,4.7,5.7
27119,6.3,6.1,6,6.5,6.6
27121,5,5.5,5.5,5.6,5.1
27123,7.2,7.8,8.1,8.6,8.5
27125,6.2,6.1,5.1,5.8,5.5
27127,5.4,5.8,4.7,4.8,4.9
27129,5.3,5.1,6.1,6.4,6.5
27131,4.9,5.7,6.5,6.5,7
27133,2.4,2.2,3,3.7,3
27135,4.4,4.6,4.2,3.8,3.6
27137,7.6,8,8.3,8.7,8.5
27139,4.8,5.5,5.9,6.3,6.1
27141,5.7,6.9,7.2,7,7.1
27143,4,5.2,6.5,6.7,7.3
27145,5.3,6.4,6.7,6.7,6.5
27147,4.5,5,5.9,6.6,6.9
27149,5.2,6.4,7.1,6.8,6.1
27151,3.6,3.1,3.3,3.8,4.4
27153,5.7,6.4,7.4,7,7.3
27155,3,2.7,2,1.8,2.7
27157,3.7,4.8,4.6,4.9,5.8
27159,4.3,5.1,6.3,5.5,5.9
27161,4.6,5.4,5.1,6.1,5.9
27163,5.1,5.3,5.7,5.9,6.1
27165,7.1,6.3,5.7,6.2,5.9
27167,5.4,6.7,5.2,4.4,4.2
27169,6.2,6.5,7.2,7.6,8.2
27171,5.3,5.6,6.3,6.9,6.8
27173,3.6,4.9,4.2,4.3,4.1
28001,11.6,12.9,11.9,10.4,11.4
28003,8.1,9.2,10.1,11.2,10.3
28005,10,11.4,11.2,11.3,12.9
28007,12.2,12.3,13.9,15.6,14.5
28009,12.7,14,17.5,19.4,20.2
28011,16.8,17,16.3,16.3,17.6
28013,8.2,9.5,9.7,10.2,10.4
28015,13.6,12.8,13.5,15.1,12.5
28017,12.3,11.6,12.8,11.8,12.6
28019,12.7,10.5,12.6,16.1,16.7
28021,10.5,10.9,7.5,11.3,13.2
28023,11.7,11.7,12.1,12.8,13
28025,14.6,16.4,18.1,19.4,20
28027,15.3,16,15.7,17.5,19.4
28029,8,9.6,10.7,12.2,14.1
28031,8,6.7,7.2,12,13.3
28033,6.7,7.6,7.5,8.3,8.5
28035,8.8,10,10.3,11.4,12.5
28037,9.9,13.9,12.4,12.1,12.1
28039,10.6,11.9,12,12,12.4
28041,7.1,7.5,9.5,12.7,14.6
28043,13.5,11.1,9.4,11,11.6
28045,7.5,9.6,11.1,10.6,10.8
28047,8.9,8.2,8.5,9.2,9.7
28049,8.6,9.2,9.8,10.7,11.3
28051,19.2,19.7,20.1,18.5,19.4
28053,18.1,20.2,19.7,21.3,25.4
28055,14.1,21.3,21.8,26.8,27.6
28057,6.6,8.4,8.9,8.4,9
28059,9.1,9.7,9.3,9.8,10.7
28061,9,7.3,8.7,7.8,7.3
28063,11.9,12.3,13.7,16.2,14.6
28065,11.2,15.3,13.1,13.4,13.6
28067,5.6,6.1,6.2,6.7,7.4
28069,10.5,11,9.7,12.7,15.1
28071,6.9,7.7,8.5,9.6,9.6
28073,4.6,5.3,5.8,6.4,6.4
28075,9.3,10.1,11.2,10.7,11.2
28077,11.2,10.7,10,10.1,9.3
28079,7,8.9,9.9,11.5,11
28081,7,5.9,6.5,7.2,7.5
28083,18,19.5,19.1,18.1,17.7
28085,8.4,7.7,8.1,7.6,7.6
28087,10.2,12.8,13.2,12.9,14.6
28089,6.4,5.9,6.3,6.5,6
28091,8.1,7.6,10.3,10.5,10.7
28093,11.6,11,12.6,13.9,14
28095,8.8,9.5,10.7,10.5,11.8
28097,11.3,11.2,9.9,11.4,10.4
28099,9.1,10.3,11.4,11.5,12.6
28101,6.7,6.2,7.3,8.7,8.5
28103,22.4,22.2,21,20.4,20.5
28105,10.1,10.9,12.7,13.7,13.8
28107,11.7,12.1,12.8,12.7,12
28109,8.4,7.5,9.3,10.6,11.3
28111,8.8,7.4,7.8,9.5,12
28113,9,9.4,8.5,8.2,10.2
28115,7,7.4,7.4,7.5,7.2
28117,7.3,9.4,9.2,12.6,14
28119,14.7,16.2,16.4,16.9,15.5
28121,4.9,4.8,5.4,5.9,6
28123,5.9,6.2,7.1,8.2,10.5
28125,20.2,21.9,17.3,22.1,21.8
28127,9.2,9.5,10.8,11.4,12.5
28129,7.1,5.2,6.9,7.3,7
28131,8.5,9.3,10.9,13.3,13
28133,15.1,16.4,19.9,21,21.7
28135,13.6,18.1,16.8,19.5,16.5
28137,6.5,7.6,8.5,9.8,11.8
28139,13,12.9,12.9,14.1,14.5
28141,9.1,11.3,10.9,10.4,11
28143,13.2,13.2,13.5,10.9,10.2
28145,7.6,7.3,8.5,8.8,10.5
28147,6.3,6.9,8.7,9.7,10.6
28149,7.8,8.6,8.5,8.3,8
28151,19.9,20.2,20.5,20.9,21.4
28153,7.1,8.3,9.5,11.1,10.5
28155,10.1,11,9.8,12,14.7
28157,17.4,17.2,16.3,14.4,14.8
28159,9.4,12.8,13.3,14.8,15.5
28161,15.8,13.4,10.7,9.4,8.9
28163,14.8,18.4,20,19.8,20.4
29001,5.9,5.8,7.3,7.1,6.7
29003,5.7,6.6,7.2,5.9,7
29005,4.6,4.7,4.8,5.5,5.8
29007,4.6,4.3,6.8,7.7,7.8
29009,7.3,8.7,8.9,11.2,13.5
29011,5.7,5.7,7,7.3,7
29013,5.5,7.1,8.4,7.8,9.2
29015,6.8,6.6,6.5,7.7,8.2
29017,6.6,7.3,7.2,6.3,6.2
29019,5.9,6,6,6.4,6.1
29021,7.4,7.3,7.3,8,8.4
29023,6.4,6.4,8.1,8,9.6
29025,4.8,5.7,6.6,6.4,7.3
29027,5.9,6.1,5.5,6.1,7
29029,5.8,5.4,7,8.3,8.6
29031,6,6.3,6.7,7.2,7.4
29033,4.4,5.8,6.4,6.9,7.2
29035,9.6,9.1,8.7,12.8,9.9
29037,5.4,5.4,6.1,6.5,7.5
29039,9.5,8.2,9.7,8.6,10.2
29041,4.3,4.9,4.6,4.9,4.9
29043,4.9,5.9,6.4,7,7.6
29045,8.1,6.1,6.2,5.1,6.4
29047,4.7,4.9,5.9,6.4,6.8
29049,6.2,6.8,8.7,8.8,8.1
29051,4.1,4,4.8,5.1,5
29053,7.3,7.4,9,8.2,8.7
29055,11.4,11.5,11.5,10.7,11.9
29057,8,9.3,9.7,8.7,7.5
29059,9.1,8.8,12.3,13.4,14.6
29061,4.7,4,4.7,6.4,6.1
29063,5.4,5.1,5.1,6.8,7.4
29065,10.6,9.7,9.9,10.3,9.7
29067,8.2,8.2,9,10.4,10
29069,8,9.1,9.7,10.3,9.5
29071,6.6,7.3,8,8.5,9.3
29073,7.7,9,9.5,9.6,9
29075,5.4,6.4,6.7,7.2,7.9
29077,5.8,6.8,7.6,8,8.5
29079,7.3,8.2,6.8,6,6.1
29081,6,6.8,8.9,8.4,7.1
29083,8.4,8.8,8.3,8.4,8.5
29085,8.7,9.4,11.6,14.2,15.7
29087,3.4,3.4,4.4,4.7,5.1
29089,5.5,6.4,7.1,6.7,7.5
29091,5.9,5.9,6.8,8.1,8.7
29093,8.6,10.1,11.8,13.7,13.2
29095,8.5,8.8,9.2,9.7,9.4
29097,8,8.8,8.2,8.7,8.3
29099,6.4,7.5,8.2,8.8,9.8
29101,7.8,7.6,8,7.9,8.9
29103,4.6,4.3,7,7.6,7.5
29105,6.4,7,8.5,9.3,10.3
29107,4.4,4.1,4.7,6,7.3
29109,6.5,7.9,8.3,8.9,8.7
29111,5.6,5.9,7.5,7.8,7.2
29113,10.2,10.4,11.1,12.4,12.2
29115,7.4,7,7.3,6.7,6.4
29117,3,2.8,4,5.8,6.3
29119,7.2,7.8,8.9,8.5,9.9
29121,5.9,5.1,5.9,6.1,7.5
29123,9.3,7.9,11.4,13.2,14.9
29125,8.5,8.9,10.1,10.1,9.9
29127,6.3,6.3,7.1,6.2,7.2
29129,6.1,8.6,9.3,8.9,9.8
29131,7.1,7.7,8.1,8.3,10.1
29133,9.2,12.3,13.4,12,13.3
29135,3.1,3.6,5.5,5.8,6.8
29137,5.1,5.3,6.8,7.1,6.2
29139,6.5,8.6,10.1,10.9,11.7
29141,9.2,11.5,12.3,13.9,17.2
29143,7.8,8.1,7.1,8.3,8.6
29145,6.5,7.3,7.2,7.1,7.2
29147,5.4,5.3,6.1,6.2,6.5
29149,7.4,9.2,11.4,11.9,11.1
29151,2.4,2.8,3.3,3.5,3.5
29153,4,4.7,8,8.9,11.1
29155,10.5,11.5,9.1,8.8,10.4
29157,5.2,4.2,4.7,5.2,4.7
29159,7.3,7.1,6.6,6.9,6.8
29161,7.4,7.9,8,7.9,7.7
29163,6.7,8,8.6,8.9,7.6
29165,4.6,5.1,6,6.1,6.2
29167,9.4,9.6,9.6,11.2,10.8
29169,8.2,8.9,11.3,11.5,11.1
29171,3.9,3.7,3.2,2.7,3
29173,4.1,3.8,3.5,5.5,5.4
29175,5.2,6,7.3,8.8,8.8
29177,6,5.7,7.1,8.5,8.4
29179,8.8,10.3,12.7,14.8,13.9
29181,10,12.3,14,13.5,12.7
29183,4.5,5.6,6,6.6,6.8
29185,4.6,5.5,7.4,7.2,9.2
29186,4.8,5.7,6.5,5.8,6.3
29187,9.6,10.4,10.7,9.9,10.3
29189,6.3,7.1,7.8,8.4,8.6
29195,5.3,5.7,6.4,7,7.3
29197,5.4,6.6,8.8,9.6,8.8
29199,4.2,4.1,4.3,2.6,4.2
29201,8,8,7.7,7.4,8.1
29203,10.3,11.5,11.3,11.3,11.2
29205,3.8,3.9,4.6,5.4,6.7
29207,8.9,9.5,9.7,9.1,10.4
29209,10.2,10.6,10.6,12.2,12.9
29211,7,8,7.1,6.7,7
29213,5.9,7.5,8.7,9.8,11.7
29215,7.7,7.3,6.8,7.7,7.4
29217,7.5,7.2,6.5,6.5,6.3
29219,7.9,8.6,9.7,10.8,10.6
29221,13.3,13.7,14.3,13.7,14
29223,9.2,7.9,10,10.6,11
29225,7.3,6.4,7.5,8.6,8.4
29227,3.9,4.9,5.8,6.5,5
29229,8.7,10.3,11,11.6,10.8
29510,12.3,12.7,13.8,14.2,14.3
30001,5.7,4.7,3.8,4.8,6.3
30003,16.6,17.3,18.9,19.8,20.9
30005,7.1,7.9,6.8,7.1,9.7
30007,5.2,6.1,4.9,3.7,4.8
30009,3.2,3.8,4.4,3.4,4.4
30011,0.3,0.4,0.6,0.6,1.1
30013,5.9,5.7,6,6.1,6.2
30015,3.5,3.6,4.3,3.9,4.2
30017,2.5,3.1,4.5,4.1,4.2
30019,1.9,2.8,4.3,3.7,2.8
30021,2.3,2.5,3.1,4,2.5
30023,5.2,7.5,10.1,11.3,9.4
30025,3.2,3.1,3.9,4,3.4
30027,2.7,3.8,4.7,4.8,4.9
30029,5.7,6.1,7.1,8.7,8.6
30031,4.2,4.7,5.8,6.4,6.7
30033,1.9,1.6,2.3,0.2,0.2
30035,13.4,14.5,15.4,16,17.7
30037,5.6,3.6,5.5,6.2,4
30039,5.7,5.2,4.6,5.3,6.6
30041,4.7,5.4,5.3,5.2,5.1
30043,5.1,4.4,5,5.8,6.9
30045,2,3.4,3.7,5.2,5.1
30047,11.6,10.9,11.7,12.9,14.9
30049,4.8,5.1,5.9,6.1,5.5
30051,0.2,0,0.2,3.9,4.3
30053,9.3,9.2,11.5,12.5,12.8
30055,2.6,3,2.8,1.5,1.8
30057,6.6,5,7.1,6,7
30059,4.4,4.9,4.9,3.7,3.4
30061,6.8,7.1,8.4,10.1,14.5
30063,5.3,6,7.5,8.4,9.6
30065,4.4,2.8,4.3,4.9,5.5
30067,5.5,6.1,6.3,6.1,7
30069,2.6,2.1,2.7,2.2,2.2
30071,10.8,4.5,4.8,3,6.2
30073,8.1,5.7,4.6,7.1,7
30075,2.7,3.3,3.7,4.3,5.1
30077,4.2,5.6,4.4,3.7,3.7
30079,0,1.1,1.8,8.2,7.6
30081,7.2,6.5,7.3,8.5,9.3
30083,4.6,4.2,4.9,4.8,3.4
30085,14.5,8.5,7.2,3.3,4
30087,9.3,9.5,10.1,9.3,9.7
30089,10.4,9.7,10.5,11.1,9.2
30091,2.5,2,2.9,3,2.7
30093,4.7,5.6,5.2,6.5,7
30095,4,3.9,4.1,4.3,3.9
30097,2.8,4.4,6.4,4.5,4.5
30099,2.5,2.3,2.4,5.6,6.1
30101,3.6,1.7,2.5,2.8,3.2
30103,2.3,3,3.1,2.3,3
30105,3.6,2.9,2.6,3.2,3.8
30107,1,1.4,4.7,3.6,4.5
30109,5.1,6.3,5.4,0.4,0.7
30111,4.2,4.3,4.7,4.9,5.3
31001,5.3,5.5,5.3,5.4,6.2
31003,3,3,3,2.8,2.1
31005,0.9,0,0,2.4,4
31007,2.4,1.8,1.8,3.6,6.3
31009,2,1.9,1,1,2.7
31011,2.1,2.7,3.2,3.6,1.9
31013,4.6,4.7,4.8,4.5,4
31015,1.6,1.4,1.8,1.4,1.9
31017,2,2.9,2.6,1.9,0.9
31019,4.6,4.3,4.3,3.9,4
31021,5.4,5.8,4.2,3.9,3.2
31023,2.9,2.7,2.6,3.1,3.9
31025,4.8,5,5.4,5.6,5.7
31027,2.4,2.9,2.7,2.6,2.9
31029,5.1,4.1,3.5,4.1,2
31031,1,1.7,1.6,1.1,1.8
31033,3.4,3.5,3.8,3.8,2.4
31035,4.3,4.6,4.6,4.2,4.2
31037,4.3,6.4,7.5,7.9,7.7
31039,3.7,2.8,2.2,2.5,2.5
31041,3.7,3.2,4.1,3.2,2.6
31043,5.8,5.1,4.9,5.2,6.9
31045,5.2,4.4,5.6,5.6,4.3
31047,4.5,4.8,5.2,5.8,6.4
31049,2.8,1.6,2.9,4.3,3.3
31051,4.7,4.5,4.9,5.1,5.8
31053,6.9,7.6,6.6,6.4,6.7
31055,6.3,6.2,6.7,6.8,6.7
31057,2,3.1,1.9,3,4.1
31059,1.7,2.1,2.2,1.8,2.6
31061,2.4,3.7,3.8,3.9,5
31063,2.8,4.2,5.2,3.8,3.3
31065,1.5,2.5,2.9,4.7,4.5
31067,5.4,6.4,6.7,6.2,5.3
31069,3.5,4.8,3.9,6,4.7
31071,1.3,1,1.7,3.2,4.4
31073,1.6,2.9,2.1,3,4.5
31075,3.7,2.7,2.1,2.7,3
31077,1.5,2.1,2.9,1.6,1.8
31079,4.4,4.6,5.4,5.2,6.5
31081,5.2,5,3.5,3.3,3
31083,2.3,2,1.9,2.2,2.2
31085,1.9,1.8,1.5,2.6,1.9
31087,2,3.9,4.6,3.5,3.8
31089,1.4,1.9,1.5,1.2,1.2
31091,3.4,1.9,1.8,2.9,3.4
31093,3,4.5,5,4.9,5.2
31095,4.7,6.7,5.5,7,7
31097,4.9,5.8,6.1,8.2,8.1
31099,4.2,1.9,2.1,2.9,4
31101,2.7,3.6,3.1,3.5,3.9
31103,0,0,0,0,0.2
31105,1.9,3.2,4.6,5.3,5.5
31107,3.5,3.7,3.4,3.5,4
31109,4.9,5.3,5.9,6.1,6.4
31111,5.5,5.4,5.6,5.8,5.6
31113,0.4,2.8,0,0,1
31115,1.5,1.3,0,0,0
31117,0,0.4,1.2,2.9,2.2
31119,3.4,3.9,4,4.2,4.6
31121,4.4,6.1,5.3,6.4,6.1
31123,4,5,5.6,6.6,6.4
31125,6.2,5.3,5.6,5.8,5.1
31127,3,5.9,6.5,7.6,7.9
31129,4.6,4,4.2,3.3,3.5
31131,4.5,4.5,4.5,5.1,5.2
31133,2.7,3.1,4.5,4.9,5.6
31135,2.1,2.1,2.3,2.8,1.7
31137,3.1,2.5,3.1,2.4,2.1
31139,2.5,2.4,3.7,3.9,4.8
31141,3.8,4.6,4.7,5.3,5.3
31143,3.5,4.6,4,3.5,3.2
31145,4.5,5.9,4.9,4.3,5.2
31147,4.3,6,6.9,7,7.4
31149,0.7,0.3,0.6,1.2,2
31151,3.5,4.8,6.3,7,6.3
31153,4.5,4.8,4.9,5.2,5.5
31155,3.1,3.2,3,3.2,3.5
31157,4.1,4.4,6,6.5,6.3
31159,4.1,4,3.4,3.8,4.5
31161,5.9,5,4.8,4.3,3.3
31163,2.4,2.6,3.3,3.5,3
31165,3,1.6,3,3.7,1.4
31167,6.3,5.5,4.5,3.6,3.7
31169,1.2,1.1,1.7,1.9,1.6
31171,0.5,0.7,0.7,1.7,1.8
31173,11.3,14.6,13.7,14.9,14.2
31175,2.8,1.1,1.3,1.1,0.9
31177,3.2,3.4,3.5,2.6,2.4
31179,4.7,5.8,7,6.6,6.5
31181,2,2,3.7,4.6,5.1
31183,0,0,1.5,2.4,2.3
31185,1.3,1.3,1.5,1.9,2.4
32001,6.9,9.4,9.6,11.1,12
32003,7.3,9,10.5,12,12.7
32005,6.5,7.8,10.5,11.1,10.8
32007,4.6,4.6,4.8,5.1,5.7
32009,0,2.5,6.8,13.2,14.3
32011,4.5,3.7,4.3,7.5,5.4
32013,5.8,9,10.2,10.4,9.1
32015,6.4,7.4,10.7,10.6,11.2
32017,3.8,6.2,8.6,11.2,12.2
32019,13,13.4,16.7,18,17.7
32021,3.9,5.6,9.1,12.9,15.9
32023,12.6,15.1,15.6,16.2,17.3
32027,6.4,6.8,11.1,11.1,12.4
32029,13.2,15.2,18.3,19.6,15.2
32031,6.1,8,9.3,10.6,11.1
32033,4.2,6.5,8.4,10,9.9
32510,9.9,12.9,15.7,16.8,17.5
33001,4.3,5.3,5.7,6,5.7
33003,5.4,5.8,5.8,5.8,6.5
33005,6.1,7.9,8.8,8.9,8.8
33007,5.8,7.3,7.6,7.7,8.5
33009,4,4.2,4.8,5.5,5.9
33011,5.3,6.1,6.6,6.8,7.4
33013,5.1,5.3,5.8,6.3,6.3
33015,5.6,5.9,5.9,6.2,6.7
33017,5.8,6.2,6.4,7.1,7.1
33019,4.3,4.4,5.6,5.7,6.4
34001,7.9,8.9,10.7,11.9,13.1
34003,5.3,5.8,6.4,7,7.6
34005,6.6,7.3,8,8.8,9
34007,8.2,9.2,10.4,11.4,12
34009,7.7,8.3,9,9.9,10.4
34011,11,12.1,12.7,13.3,14.8
34013,9.5,10.4,11.3,12.7,13.9
34015,7.1,8.2,9.5,9.9,10.7
34017,8,9.1,9.8,10.5,10.9
34019,5.1,6.1,6.9,7.7,7.9
34021,7.5,8.4,9,10.2,10.6
34023,6.1,7.1,7.9,8.4,9
34025,6.1,6.8,7.7,8.3,9
34027,4.8,5.4,6.4,7,7.3
34029,7.2,8.2,9.2,10.1,10.6
34031,6.6,7.6,9.1,10,10.4
34033,8.4,10.2,11,11.8,12.8
34035,5.2,5.7,6.4,6.9,7.2
34037,5.9,7.1,8.4,9.2,9.2
34039,7,8.4,9.6,10.4,11
34041,5.7,6.7,7.5,8.3,9.3
35001,5.9,6.4,7.3,8,8.5
35003,4.4,7.4,7.9,11.5,11.9
35005,6.8,6.2,5.9,6.5,7.1
35006,18.2,17.6,18.8,19.4,17.3
35007,6.9,7.5,7.6,7.9,6.9
35009,5.6,5.3,5.9,7.6,7.8
35011,1,2.9,2.5,4.3,6.5
35013,8.3,8.6,10.7,11.5,12.4
35015,6.4,7.3,7.4,7.6,8.4
35017,7.6,7.9,8.4,8.6,10.5
35019,7.4,3.7,5.5,5.7,4.6
35021,10,6.9,8.4,11.4,12.9
35023,10.1,10.2,12.8,12.2,13.6
35025,6.2,7.8,7.6,8.3,8.4
35027,3.9,5,5,8.8,8.6
35028,2.7,2.4,4.1,4.1,4
35029,11.1,13.7,13.2,13.6,14.4
35031,8.7,8.9,10.2,11.8,11.9
35033,3.2,2.6,2.9,6.8,10.1
35035,7.9,8.8,10.4,11.4,13.1
35037,7.8,7.9,4.7,5.9,4.7
35039,9.3,10.6,12.3,13.4,14.3
35041,10.7,10,8.9,9.9,10.2
35043,6.4,6.7,7.5,8.1,9
35045,4.4,4.6,5.5,7.1,8.1
35047,10.4,8.5,10.3,9.3,9
35049,6.3,6.7,7.9,9.1,9.9
35051,4.1,4.3,5.4,6.8,10.2
35053,6,5.9,6.2,7.1,7.5
35055,8.9,12.2,12.3,14,15.1
35057,8,11.1,14.4,16.8,15.8
35059,6.1,5.6,4.5,5.1,5.2
35061,7.7,8.4,9.8,11.3,12.1
36001,5.9,6,6.5,7,7.3
36003,8.9,8.4,8.6,8.8,9.5
36005,11.1,12.1,13,14.2,15.2
36007,6.1,6.8,7.6,8.4,8.9
36009,7.5,8.4,8.8,8.8,9.1
36011,6.3,6.5,7,8.2,8.3
36013,7.6,8.1,8.1,8.2,8.8
36015,8.2,7.9,6.9,7.2,7.3
36017,6.9,8.1,8.7,8.6,9.2
36019,7.2,8.1,7.9,7.9,8.1
36021,6.1,6.6,7.6,8.4,8.9
36023,6.3,7.2,7.6,7.7,7.6
36025,7,7.7,8.7,9.3,10.2
36027,6,6.9,8.1,9,9.4
36029,7.1,7.6,8,8.2,8.6
36031,6.1,7.2,7.2,8.2,8.2
36033,6.7,7.3,8.1,9.3,9.8
36035,9.3,9.4,9.3,9.9,10.3
36037,6.5,6.7,7.5,7.4,7.6
36039,6.4,6.9,8.5,8.1,10.3
36041,3.3,2.3,2.8,4.9,6.5
36043,6.7,6.6,7.3,8.8,9.4
36045,8.4,9,9.9,10.6,11.6
36047,8.1,8.4,9.5,10.3,10.9
36049,6.2,6.4,6.6,6.9,8.1
36051,5.2,5.3,5.4,5.7,6.2
36053,6.5,6.3,5.9,6,5.8
36055,6.8,7.3,7.5,7.9,8.4
36057,7.9,10,10.6,11.2,10.5
36059,5,5.8,6.4,6.9,7.4
36061,7.6,7.9,8.4,8.6,8.8
36063,7.6,7.6,7.9,8.5,8.7
36065,6.2,6.8,7.2,7.7,7.8
36067,6.1,6.4,6.7,7.2,7.9
36069,5.6,5.9,6.1,6.5,7.3
36071,6.2,6.3,7.1,7.9,8.3
36073,8.8,8.9,9.9,9.9,11.4
36075,9.2,10.1,10.1,10,10.7
36077,7.9,8.1,7.9,8.2,7.8
36079,4.9,5.7,6.3,7.5,7.6
36081,7.8,8.5,9,9.6,9.9
36083,6.5,7.3,7.6,7.9,8.5
36085,5.9,6.2,6.8,7.4,7.9
36087,5,5.4,6.5,7.5,8.3
36089,7.9,8.7,9.8,10.6,11.2
36091,4.4,4.8,5.3,6.2,6.5
36093,6.2,6.4,6.7,7.2,8.4
36095,8.2,9.2,9.8,11.6,11.4
36097,5.4,5.7,6.4,6.2,7.6
36099,5.5,4.9,5.9,5.9,6.7
36101,7.8,8,8.9,9.1,9.1
36103,5.2,5.8,6.4,7,7.4
36105,6.5,8.8,10.1,11.2,12.9
36107,6.3,7,7.6,7.9,8.2
36109,5,4.6,5.6,5.9,5.9
36111,5.6,6.5,7.8,9,9.8
36113,6.4,5.9,6.4,7.2,7.5
36115,7.5,7.8,8.5,9.8,10.2
36117,6.9,6.7,7.1,7.5,7.9
36119,6.2,6.5,7.2,7.8,8.4
36121,5.7,6.5,6.8,7.4,7.6
36123,5,5.3,4.9,5.5,6.9
37001,6.6,8.4,8.6,9.4,10
37003,8.7,10.5,12.1,11.7,11.4
37005,4.6,8.1,10.4,12.4,11.9
37007,10.9,13.5,14.9,15.9,19.2
37009,7.5,9.8,10.2,9.9,10.6
37011,5.9,6.9,6.4,7.2,9.1
37013,9.3,10.7,11.8,12.6,12.3
37015,12.2,11.9,14.9,14.1,14.2
37017,9.2,9.6,11.6,12.2,12.5
37019,8.4,9.6,12.3,13,14.1
37021,6.3,7,7.7,8.2,8.5
37023,9.4,10.7,11.1,12.5,13.6
37025,8,9.2,10.4,11.3,11.8
37027,9.5,10.5,11.2,12.4,14.3
37029,7.6,6.8,7.3,7.3,8.6
37031,7.6,8.6,9.4,9.7,10.2
37033,12.4,14,14.3,14.2,14
37035,7.6,8.6,9.1,9.7,10.5
37037,6.2,6.7,7.9,8.9,9.4
37039,4.2,5.6,7.3,8.1,9
37041,11.3,9.7,12.4,12.5,13.1
37043,6.2,8.9,12,13.1,17.3
37045,10.5,11.9,13.1,13.8,13.5
37047,8.5,10.4,11.6,12.6,12.6
37049,7.4,9.5,10.8,12.1,13.1
37051,10.2,10.7,11.8,12.7,13.4
37053,8.2,8.9,10.2,10.2,9.4
37055,5.6,6.5,6.9,8.4,7.5
37057,8.4,9.3,10,11.3,12.4
37059,6.2,7.7,7.4,7.7,8.4
37061,7.3,9.1,9.5,11.8,11.5
37063,7.1,8.2,8.1,8.2,8.4
37065,11.3,13.9,14.9,17.4,19.6
37067,7.2,7.7,8.8,9.9,10.3
37069,9.2,9.8,11.7,12.4,13.1
37071,10,11.4,12.8,13,13.7
37073,8.3,8.9,8.8,9.7,11.6
37075,12.5,10.2,7.7,8.7,11
37077,6.9,8.1,9,10.6,10.6
37079,11.5,12,11.3,12.6,11.2
37081,7.8,8.9,10.1,10.4,10.7
37083,11.7,12.9,15.5,16.6,16.5
37085,9.1,9.8,10.8,11.2,12
37087,5.9,6.4,8.2,8.6,8.5
37089,6,7.2,7.7,8.8,9.4
37091,10,12.3,14.1,15.3,16.3
37093,9.8,10.2,12.2,12.6,14.6
37095,2.2,4.8,8.2,9.2,8.6
37097,7.2,8.7,9.5,10.8,12
37099,5.1,6.7,7,7.4,8
37101,6.7,7.8,9,9.8,11.2
37103,11.5,8.7,8.9,10.5,11.4
37105,8.9,9.8,10.6,11.5,11.8
37107,7.5,9.1,11,13.3,13.3
37109,8.3,9.8,11.2,12.4,13.1
37111,8.1,9.6,10.9,12.7,13.9
37113,5.6,7.6,8.2,9,10.3
37115,3.9,6.9,8.2,7.3,8.5
37117,7.7,10.1,11.9,16,16.5
37119,7.5,8.8,9.5,10,10.6
37121,9.4,9.7,11.5,11.9,11
37123,8.6,11.2,12.6,14.8,14.1
37125,8.8,10,9.7,11,11.4
37127,7.9,8.4,10.4,12.3,13.2
37129,6.5,7.7,9.1,10,10.4
37131,9.8,11.5,13.9,16.6,18.9
37133,9,9.4,9.8,11.3,12.8
37135,5.5,6.3,6.4,6.9,7.5
37137,8.5,6.9,8.3,8.2,9.6
37139,10.1,10.9,12.3,13.2,12.9
37141,8.2,7.9,8.1,9.6,11
37143,7.2,8.7,12.4,12.8,14
37145,9.2,9.3,10.5,11.2,11.9
37147,9.2,9.4,10.3,10.8,11.8
37149,9.3,10.7,13.4,14.3,13.6
37151,7.8,8.3,9.5,10.1,10.8
37153,10,12.3,15.9,16.4,16.1
37155,8.4,9.2,10.8,11.8,12.8
37157,8.7,9.9,11.3,12.7,12.7
37159,8.6,9.4,10.1,11.3,12.9
37161,10,12.2,13.2,14.8,16
37163,8.8,9.3,10.6,10.8,11.9
37165,13,14,16.4,16.3,17.2
37167,8.3,9.8,11.3,12.6,14.1
37169,9.5,9.5,10.5,10.7,10.8
37171,6.5,8.2,8.8,9.5,9.8
37173,4,7.9,9.4,9.3,9.1
37175,6.2,7.3,7.4,7.6,9.4
37177,15,15.7,21.2,20.5,18.2
37179,6,7.3,8.3,8.9,9.4
37181,9,9.3,11.2,11.7,11.8
37183,5.4,6.3,6.9,7.6,7.8
37185,10.3,10.1,9.5,10.2,10.2
37187,14.5,16.3,15,21.1,21.9
37189,6.1,7.8,8.7,8.8,10.2
37191,7.8,9.3,10.5,11.9,12.9
37193,7.9,10.1,12,13.9,14.9
37195,9.2,11.1,12.6,12.8,12.8
37197,5.5,7.1,8.4,9.3,10.3
37199,5.5,6,8.9,10.2,10.6
38001,2.8,3.8,2.8,2.5,2.7
38003,3.3,2.6,1.8,1.6,1.5
38005,11.6,9.9,9.5,7.1,6
38007,3.1,4.2,4.8,6.7,5.2
38009,3.3,2.7,3.6,3.9,3.3
38011,1.6,1.5,2,1.7,2.4
38013,0.1,0.4,0.8,1.1,1.7
38015,2.7,2.9,2.9,3,2.6
38017,4.3,4.1,4,4,4
38019,2,3.4,1.9,2,1.9
38021,2.2,2.4,1.9,2,1.7
38023,0.3,0.6,0.5,0.6,1
38025,3,3.6,3.8,3,2.5
38027,3,3.7,3.5,3.9,3.6
38029,1.8,2.6,3.7,4.6,4.9
38031,1.9,1.3,1.1,1.3,1.2
38033,5.3,2.4,2.4,2.3,2.2
38035,3.8,4.4,4.6,4.3,4.3
38037,4.2,1.3,1.5,2.8,2.5
38039,6.7,3.2,3,3.1,4.3
38041,1.7,2.3,1.6,1,1.4
38043,2.1,2.7,2.5,2,3.1
38045,2.1,2.4,2.4,2.8,3.1
38047,0.8,1.1,1.5,1.7,2
38049,3.4,3.2,3.7,4.4,3.5
38051,1.7,4.6,3.1,2.7,4
38053,4.2,4,4.2,3.5,3.2
38055,2.6,2.6,2.7,2.5,2.2
38057,2.8,3.5,3.9,4.5,4.7
38059,3.2,3.4,3.8,3.5,2.9
38061,7.2,5.2,3.8,2.7,3
38063,8.5,4.5,2.7,2.2,1.7
38065,2.1,1.5,2.5,2.3,2.3
38067,4.7,3.2,4,4,4.3
38069,1.5,1.8,1.6,1.8,1.9
38071,5.2,4.1,2.9,2,1.7
38073,2.8,4.3,4.8,4.9,5.4
38075,2.6,1.9,1.7,2.4,2
38077,3,2.9,3.5,3.7,3.6
38079,7.3,6.9,4.3,2.4,3.7
38081,2.4,2,1.6,1.3,1.4
38083,1.9,1.7,2.8,2.3,2.1
38085,25.6,27.5,21.8,21.3,22.9
38087,1,1.2,1.5,2.5,1.5
38089,3.2,3.3,2.9,2.3,2.5
38091,1.7,0.6,1.4,3.4,3.2
38093,2.5,3,2.2,3.4,3.2
38095,2.1,3.3,2.2,0.9,0.8
38097,2.4,2.1,2.4,2.2,2.5
38099,3.9,3.6,3.1,3.5,3
38101,2.6,3,2.9,2.9,2.8
38103,3.2,3,2.7,2.4,1.9
38105,1.2,1.5,1.4,1.2,1
39001,10.8,11.4,14.5,16.1,15.4
39003,9.2,10.1,10.9,11.1,11.4
39005,6.6,8.3,10,10.8,10.9
39007,8.7,9.4,10.7,11.1,11.1
39009,11.2,11.3,11.9,11.7,12.4
39011,5.5,6.7,7.1,7.4,7.2
39013,7.5,6.7,7.6,8.2,9
39015,8.9,9.7,11.5,12,12.3
39017,7.4,8,8.6,9,9.1
39019,6.4,6.9,7.3,7.8,8.9
39021,6.8,7.9,10.6,10.3,11.5
39023,9,9.3,10.1,10.9,11.5
39025,6.8,6.9,7.1,7.8,7.5
39027,8.9,10.5,11.6,12.1,11.9
39029,9.5,9.8,10.8,11,10.8
39031,10.1,10.6,11,10.1,10.4
39033,9.2,10.3,10.6,10.1,11.5
39035,10,10.5,11.1,11.7,12.1
39037,8.4,8.9,10,9.7,10
39039,10.2,9.4,10.2,11,11.1
39041,4,4.2,4.5,4.4,4.4
39043,7,8,8.8,8.7,8.8
39045,6.5,6.9,7.6,8,8.2
39047,8.5,10.3,12,12.1,11.8
39049,7.1,8,8.3,8.5,8.7
39051,8.5,9.9,10.2,10.4,9.9
39053,9.9,9,9.3,10.1,9.1
39055,6.1,6,5.9,6.2,6
39057,6.3,6.6,7.5,8,8.5
39059,7.3,8.2,9.7,11.4,11.4
39061,7.3,7.8,8.6,9.2,9.8
39063,5.3,6.3,7.6,8.5,8.6
39065,7,8.4,10.5,10.6,11.7
39067,6.6,7,7.1,7.1,7.6
39069,7.9,9.1,9.9,10.1,9.4
39071,9.9,12.1,13.1,14.1,15.5
39073,7.9,8.4,8.9,10.3,10.5
39075,3.9,5.7,5.9,6.1,6.2
39077,8.3,9.1,9.4,9.8,9.7
39079,11.2,11.9,10.8,11.7,11.5
39081,7,8.3,8.8,9.1,8.8
39083,5.8,7.2,8.2,7.9,7.6
39085,6,6.4,7.1,7.6,7.8
39087,6.7,7.1,7.4,8.1,9.1
39089,7.4,7.7,7.7,7.9,8.2
39091,9.3,8.7,10.5,10.8,10.9
39093,8.7,9.2,10,10.2,10.3
39095,11.3,12.1,13.1,13.6,13.8
39097,6,6.1,6,6.3,6.5
39099,9.1,10.4,11.1,11.3,11.6
39101,7.7,7.9,9.4,9.5,10.1
39103,5.5,5.9,6.7,6.4,6.3
39105,10.6,14.1,13.9,14.1,15.9
39107,5.5,6.2,6.7,7.1,7.6
39109,5.6,6.2,7.2,8.3,8.9
39111,6.8,7.1,6.1,6.4,6.7
39113,9,9.8,10.4,11.1,11.5
39115,9.2,7.7,8.5,9.2,10.4
39117,6.2,5.9,7.4,7.8,9.1
39119,10.5,10.8,11.2,10.3,10.1
39121,6.1,8.6,9.7,10.4,11.3
39123,6.3,7.1,7.3,6.6,6.9
39125,8.1,8.7,9.7,9.5,9.4
39127,9.6,10.9,11.2,11.5,11.6
39129,8.3,7.6,7.6,7.9,8.2
39131,16.1,17.8,19.3,19.1,18.9
39133,8.3,9.2,9.9,10.7,11.1
39135,6.7,7.8,8.7,8.4,8.6
39137,5.2,5,5.2,5.1,4.9
39139,7.9,8.9,9.4,9.8,10.2
39141,10.5,11.4,13.8,14.4,14.8
39143,6.8,6.6,7.5,8,8.6
39145,11.4,12.2,12,11.8,11.7
39147,7.7,9,10.7,11.2,11.4
39149,5.6,7,7.5,8.5,8.9
39151,7.9,8.8,9.7,10.2,10.6
39153,7.7,8.6,9.4,10,10.3
39155,8.2,9,8.9,9.6,10
39157,7.1,7.3,7.9,8.7,9.4
39159,4.7,5.9,5.9,6.2,6.3
39161,7.3,9.3,9.7,9.8,10.7
39163,11.5,9.7,11.3,10.5,9.4
39165,5.8,6.3,6.9,7.5,7.8
39167,7.1,8.3,8.8,8.9,9.2
39169,6,6.4,6.8,6.6,6.8
39171,8.3,10.7,10.9,12,11.9
39173,8.3,9.6,9.6,10,10.3
39175,6.5,7.4,8.2,8.4,8.1
40001,5.1,4.5,7.2,7.7,8.1
40003,1.8,2.9,4.2,5,6.1
40005,5.5,7.3,8.3,9.5,10
40007,3.9,4.2,4.7,4.4,4.5
40009,4,4.8,4.1,2.9,2.9
40011,4.8,3.8,3.9,3.4,2.9
40013,7.3,7.1,7.4,9.3,8.9
40015,8.8,9.3,9,9.9,10.2
40017,4.1,5,5.7,5.6,5.2
40019,3.3,4.6,5,5.7,6.9
40021,8.7,7.9,8.6,8.8,7.7
40023,10.6,10.8,11.3,10.2,11.3
40025,2.1,2.5,1.6,1,1.3
40027,5.1,5.4,5.1,5.1,5.5
40029,7.6,7,5.2,7.1,7.9
40031,7.9,8.3,8.4,8.6,9.6
40033,4,3.7,4.7,6.2,7.6
40035,6.2,5.6,5.9,6.4,5.7
40037,7,7.9,8.4,8.2,8.7
40039,3.7,3.1,3.7,4.3,3.7
40041,7.2,7.5,8.2,8.3,9
40043,1.2,2.1,2,1.8,2.5
40045,1,1.4,2,2,3.2
40047,4.3,5,5.7,5.8,6.2
40049,3.6,4.5,4.9,5.8,5.4
40051,5.2,5.6,4.8,4.4,4.5
40053,5.5,6.4,6.5,5.3,4.8
40055,4.2,3.4,2.5,3,2.4
40057,6.3,4.4,3.8,7,10
40059,5.9,4.8,4.1,3.8,2.9
40061,6,6.6,7.8,8.7,9.7
40063,4.6,8.9,8.9,8.5,8.5
40065,6.3,7.3,7.9,8,7.6
40067,5.5,4.5,3.6,5,6.3
40069,9.6,5.4,10.4,10.2,8.4
40071,7,7.3,7.7,8.1,7.9
40073,3.8,5,4.2,3.9,4.5
40075,3.9,4.3,3.7,3.4,5.3
40077,6.4,7.8,6.8,9.2,9.9
40079,7.5,8.8,10.1,11.6,11.6
40081,5.1,5.7,7.4,7.8,7.5
40083,5.5,4.8,6,6.2,6
40085,2.9,2.2,2.2,2.4,3.5
40087,5.1,4.2,4.4,4.5,4.5
40089,10.8,11,11.2,10.7,10.5
40091,9.8,10.6,10.9,11.3,10.3
40093,1.8,1.9,2.4,4.2,5.1
40095,4.2,5.6,6.8,7.9,9
40097,7.1,8.4,8.2,8.7,8.8
40099,4.7,4.9,5.6,5.9,5.4
40101,7.2,6.7,8,8.6,8.9
40103,3.8,4.8,5.5,5,6.9
40105,3.9,5.5,6.2,7.4,10.3
40107,6.7,7.6,7.5,9.2,9.2
40109,6.1,6.4,6.5,6.5,6.8
40111,7.3,7.3,8.3,10.1,11.2
40113,6.2,5.6,6.6,7.3,6.8
40115,8.6,8.9,10.1,9.9,9.9
40117,6.3,7.8,6.9,7.3,8.1
40119,5.7,5.4,4.8,5.9,6.1
40121,4.6,4.7,5.1,5.1,5.8
40123,5.1,5,5,6.4,6.4
40125,6.7,5.9,6.4,6.4,7.1
40127,6.1,7.5,9.2,10.3,10.9
40129,2.1,3.1,3.3,2.7,2.6
40131,5.5,6,6.1,6,6.4
40133,8.5,8.9,9.4,9,9.2
40135,7.5,9.2,10.6,10.8,11.1
40137,5.1,5.7,6.4,7.3,7.9
40139,6.3,6.7,6.2,6.8,6.6
40141,8.5,8.7,11.3,11.1,8.6
40143,5.5,6,6.2,6.7,7.2
40145,5,6.2,6.4,6.4,6.7
40147,4.9,5.8,6.6,6.6,6.9
40149,4.8,3.8,4,3.4,3.9
40151,2.5,3.2,3.2,3,3.8
40153,4.1,4.4,4.1,3.6,3.9
41001,11.4,11.5,11.3,11.2,11.4
41003,5.8,6,7.3,8.3,8.5
41005,6.8,7.7,8.7,9.7,10.4
41007,6.2,7.2,8.3,9.4,9.6
41009,10.8,12.1,12.5,13.4,13.2
41011,8.3,9.4,11.2,12.2,13.1
41013,8,9.9,14.5,17.9,17.2
41015,8.2,8.8,9.1,12.4,15.1
41017,7,8.7,10.7,11.7,12.2
41019,10.1,11.6,12.9,13.5,14.1
41021,4.8,7.3,7.9,8.1,11.7
41023,5.7,8.1,9.3,9.3,10.8
41025,7.7,6,8.8,9.5,10.4
41027,5.4,5.2,5.5,6.2,5.3
41029,7.9,9.6,11.4,12.3,13.1
41031,10.3,12.7,15.2,15.9,16.1
41033,9.2,11,12.6,13.6,15.2
41035,8.9,9.5,10.8,12.5,13.8
41037,10.4,10.8,13.7,13.7,13.3
41039,8.4,9,10.4,11.5,12.3
41041,6.9,8,9.7,10.1,10.3
41043,7.4,7.6,8.5,9.6,10.8
41045,9.4,10.3,12.3,12.9,14.6
41047,9,10.1,11.5,13.2,13.3
41049,7.6,7.4,10.7,10.8,10.1
41051,8,8.8,9.7,10.4,10.6
41053,7.9,7.9,8.7,9.9,11.3
41055,9.6,7.3,8.3,7.1,7.7
41057,5.3,6.8,7.5,7.8,9
41059,9.5,9.7,9.5,9.7,10.9
41061,6.8,7.7,7.8,8.4,9.3
41063,6.6,10,11.2,12.1,12.2
41065,6.7,8.9,6.9,8.4,10.8
41067,7,7.6,8.5,9.3,9.6
41069,4.2,6.7,7.2,8.8,10.4
41071,8.2,8.9,9.2,9.6,10.7
42001,4.9,4.9,5.2,5.7,5.9
42003,6.5,6.8,7.2,7.5,7.9
42005,7.1,7.3,8.2,8.5,8.5
42007,5.8,6.3,6.4,7.2,7.6
42009,6,6.8,7.5,7.5,8.1
42011,6.7,7.8,8.7,9.4,9.8
42013,6.7,7.1,7.7,7.7,7.3
42015,6.5,6.3,6,6.2,6
42017,5.1,5.9,6.7,7.5,8.1
42019,5.6,5.9,6.3,6.7,7
42021,7.5,7.5,7.7,8.1,8.8
42023,5.2,5.5,6.2,6.5,7.1
42025,8,8.2,8.9,9.3,10.4
42027,6.1,6,5.9,5.9,5.8
42029,4.7,5,5.6,6.1,6.7
42031,5.6,6.8,8.1,8.8,8.9
42033,8.4,9.4,9.1,9.2,9.4
42035,6.4,7.3,7.7,7.6,7.5
42037,6.5,5.8,6,5.8,6.3
42039,7.8,8.4,8.4,9.2,9.1
42041,5.2,4.9,5.2,6.2,6.5
42043,5.6,6.1,6.8,7.3,7.7
42045,6.7,7.3,7.9,8.4,9.1
42047,5.6,5.9,6.5,6.9,6.9
42049,7.4,7.9,8.3,9.1,9.3
42051,8.8,9.5,9.8,9.8,10
42053,7.3,9.9,9.5,8.2,7.3
42055,4.7,5.5,6.5,7.1,7.9
42057,6.9,8.4,9.2,9.4,9.6
42059,7.1,6.6,6.2,6.4,7.3
42061,7.5,6.7,7.6,7.9,7.8
42063,7.4,8.2,8.6,8.1,8.6
42065,6.4,6.6,7.3,7.3,7.7
42067,5.3,6.5,6.9,7.2,7.9
42069,5.7,6.5,6.8,7.6,8
42071,4.9,5.7,6.2,6.8,7.4
42073,7.4,7.7,7.5,8.1,8
42075,5.4,6.1,7.3,7.4,7.6
42077,6.7,7.6,8.7,9.4,10.1
42079,6.3,7,7.3,8,8.4
42081,7.4,7.9,8.1,8.6,9
42083,7.8,8.8,10.3,10.5,10.7
42085,7,7.9,8.8,9.2,9.4
42087,7.7,8.4,9,8.8,9
42089,8.7,10.2,11.6,12.8,13.7
42091,4.8,5.3,6,6.6,7.1
42093,4.9,6.2,5.7,6.2,7.6
42095,5.9,6.6,7.5,8.2,8.6
42097,7,7.5,8,9,9.3
42099,5.7,6.2,6.9,7.4,8
42101,12.1,12.6,13.4,14.5,15.1
42103,7.9,9.9,11.3,12.8,13.4
42105,8.8,8.4,8.5,7.8,7.6
42107,6.8,7.6,8,8.9,9.6
42109,5.6,6.1,5.8,5.7,6.3
42111,6.5,7.3,7.5,8.4,8.5
42113,3.8,5,5.7,6.1,7.9
42115,6.6,7.2,7.3,8.1,8.6
42117,7.8,8.1,8.1,8.4,8.6
42119,6.3,6,6.7,7.6,8
42121,8.2,7.9,7.9,8.1,8.5
42123,5.6,6.1,6.4,7,7.4
42125,6.2,6.9,7.1,7.2,7.5
42127,5.7,5.9,6.2,7.6,7.9
42129,5.5,6.1,6.4,6.7,6.9
42131,5.8,6.3,7.3,7.2,7.9
42133,5.7,6.4,7.4,8,8.8
44001,5.4,6,7.1,8,8.6
44003,6.2,7.8,8.6,9.3,9.6
44005,5.3,5.2,5.8,6.5,7.1
44007,8.1,9,10.1,10.7,11.1
44009,5.4,5.9,6.5,7,7.3
45001,13,14.4,14.2,13.7,14.6
45003,7.4,7.9,8.3,9.6,10.9
45005,16.4,17.6,25.2,24.1,23.6
45007,9,9.1,9.9,10.8,11.2
45009,9.6,8.9,9.4,10.6,10.9
45011,12.1,13.2,15,18.2,17
45013,6.4,7.3,8.6,9.1,8.8
45015,7.5,8.3,10,11.4,11.9
45017,11.2,11.5,11.4,12.1,12
45019,7.1,7.9,8.7,9.6,9.8
45021,12.9,15.1,14.5,14.3,15.3
45023,10,14,15.8,15.7,17
45025,10.4,11.2,11.1,11.4,12.4
45027,12,13.9,15,17.6,19.3
45029,11.3,13.4,15.3,14.4,14.2
45031,11.2,11.6,12.7,14.2,15.6
45033,8.9,10.1,14.4,14.6,15.3
45035,7.4,7.7,8.8,10.1,10.1
45037,7.2,8.9,8.8,10.1,11.1
45039,7.6,8.5,10.5,11,13.8
45041,8.7,9.6,11,11.5,12.9
45043,9.6,12.1,12.3,14,13.1
45045,7.5,8,8.9,9.2,9.4
45047,9.9,10.7,11.4,14.2,14.5
45049,9.6,11.3,14.2,15.7,14.5
45051,7.4,8.6,9.8,10.7,11.3
45053,9.3,9,9.7,10.5,12
45055,7.8,8.5,9.3,11.7,11.5
45057,10.7,12.3,12.8,13.8,13.4
45059,10.4,11.3,12.8,13.1,12.4
45061,17.2,18.5,17.3,17.7,17.5
45063,5.8,6.4,7.7,8.8,9.1
45065,15.5,14.1,12.3,13,14.2
45067,10.1,12.4,13,14,16
45069,15.1,15.7,15.2,15.2,15.8
45071,8.9,9.2,9.4,10.4,11.4
45073,8.3,10.2,11.5,13,12.7
45075,12.1,13.2,13.7,15.3,14.3
45077,8.2,9.7,10.2,11.5,11.8
45079,7.8,8.6,9.8,10.4,11.1
45081,7.6,10.1,10.1,12.3,12
45083,8.3,9.3,10,10.7,11.1
45085,11.7,12.2,13.1,14.1,14.1
45087,10.9,12.4,14.8,15.9,15.6
45089,13.8,12.9,10.8,11.9,13.2
45091,8.3,8.9,10,10.5,10.7
46003,2.1,2.1,2.4,2.1,2.6
46005,3.9,3.7,3.6,3.6,3.1
46007,22.5,20.2,20.3,17.2,15.9
46009,3.9,3.3,1.9,2.1,2.2
46011,3.8,4.3,4.5,4.4,4.5
46013,2.3,2.2,2.5,2.9,2.9
46015,4,3.9,2.8,3.2,3.7
46017,36.1,28.3,28.1,24,22.6
46019,4.4,5,4.7,5.6,4.8
46021,3.1,2.7,3.7,0.8,0.4
46023,8.4,9.4,8.1,8.4,7
46025,3.5,4.4,3.6,3.3,3.2
46027,5.1,5.8,6.6,7,7.4
46029,4.2,4.4,4.2,4.2,3.9
46031,25.1,19.8,20.3,22.1,25.5
46033,1.4,2.4,2.6,4.5,5.3
46035,3.3,3.4,3.3,2.3,3
46037,2.2,4.1,6,5.8,5
46039,2.8,4.7,4.8,5.4,5.2
46041,15.1,17.4,20.3,17.4,23.4
46043,1.5,2.5,2.5,1.5,1
46045,2.8,2.9,1.9,1.5,1
46047,4.5,5.1,6.4,6.8,6.6
46049,1.9,3.3,2.4,2.4,2.4
46051,1.8,2.3,3.4,3.6,3.4
46053,3.3,4.5,3.9,3.6,4.4
46055,1.6,1.7,2.4,2.5,2.3
46057,4.1,4.4,4.3,5.3,4.3
46059,0.8,1.2,1,1.5,3.1
46061,2.4,2.5,2.9,2.2,1.7
46063,3.3,2.7,2,1.4,1.6
46065,1.7,1.4,2,2.8,3.2
46067,1.5,1.3,1.7,2.3,3.2
46069,1.9,4.3,3.6,4,4.6
46071,20.7,17.2,18.5,17.9,19
46073,2.4,3.3,2.6,2.1,1.5
46075,2.4,3.7,4.2,5.1,6.5
46077,1.4,1.7,1.6,2.1,2.6
46079,3.1,3.5,3.9,4.5,4.6
46081,3.9,4,4.5,4.3,4.5
46083,3,2.5,2.2,1.7,1.5
46085,9.4,11.4,12.1,11.3,10.3
46087,3.8,2.9,3.3,3,2.8
46089,1.9,2.4,2,1.9,0.9
46091,4.1,3.3,3.4,2.5,2.3
46093,4.7,4.6,3.9,4,3.6
46095,14.5,12.6,16.1,16.9,16.1
46097,2.1,2.7,2.9,3.3,2.1
46099,3.5,4.1,4.3,4.4,4.7
46101,3.3,3,3.5,5,5.4
46103,5.2,6,6.2,6.3,6
46105,1.2,1.4,1.8,1.5,3.6
46107,1.3,0.9,0.8,0.4,0.9
46109,6.7,7.2,6.8,7.7,6.7
46111,1,1.1,1.7,2.1,2.6
46113,24.6,20.1,20.2,23.2,25.2
46115,2,2.2,2,1.8,1.8
46117,1.2,4.9,3.8,2.6,2.6
46119,0.5,1.2,1.9,2.7,2.6
46121,19.7,22.7,23.6,26.4,28.8
46123,2.9,4.6,4.7,4.2,3.8
46125,2.1,2.1,2.2,2.1,2.6
46127,3.1,2.8,3.5,3.2,3.2
46129,5,3.7,6.3,6.6,5
46135,3.9,3.5,3.5,4,4.5
46137,30.7,30.9,27.1,25,28.8
47001,7.2,7.5,8,8.6,8.9
47003,10.1,10.4,11.3,10.6,9.9
47005,10.4,10,12.8,15.2,16.7
47007,11.4,11.8,14.3,14.4,13
47009,7.5,7.7,8.3,8.9,9.1
47011,8.9,8.9,9.8,11.5,12
47013,10.3,10.4,11.5,12.9,12.9
47015,6.5,7.3,10.9,11.5,13.9
47017,11.5,10.6,11.5,13,12.6
47019,8.6,9.1,9.6,9.8,9.9
47021,6.7,6.1,7.6,7.9,9.1
47023,9.5,9.9,12.6,11,12.5
47025,8.3,8.7,8.4,8.6,9.7
47027,11.5,8.2,8.1,8.5,9.7
47029,10,11.9,13.1,14.8,14.7
47031,8.3,10,11.2,12.3,12
47033,9,8.5,8.6,8.5,9.4
47035,9.5,9.1,9.3,10.6,10.4
47037,6.9,7.5,8.1,8.7,8.8
47039,12,13.7,14.3,13,13.1
47041,6.9,8.8,9.6,9.9,10.2
47043,7.1,7.4,8.5,9,9.5
47045,7,8.3,8.4,8.8,9.5
47047,10.8,10.3,11.1,10,10
47049,9.2,9.4,9.2,11.1,10.1
47051,8.7,10.4,10.1,10.8,11.7
47053,9.5,10.2,10.9,12.6,12.6
47055,10.8,11.2,12.3,12.5,11.9
47057,8.3,9.9,11.4,12.2,13.1
47059,8.1,9,9.7,10.1,10.1
47061,8.8,8.1,8.6,9,10.9
47063,8.5,10.2,11.6,12.7,12.3
47065,8.1,8.8,9.6,9.5,9.5
47067,10.2,12.4,11.5,15.5,16.9
47069,10.9,10.6,14.1,17.9,20.1
47071,9.7,12.9,13.1,15.9,16.1
47073,11.4,10,9.8,11.5,11
47075,14,15.4,13.7,13.3,13.7
47077,10.7,11.8,11.2,11.6,12.1
47079,9.8,10.9,12.1,13.1,13.2
47081,7.1,7.2,8.5,9.8,10.8
47083,11.2,10.9,10.6,10.7,9.6
47085,6.9,8.6,9.7,11.5,12.4
47087,9.5,9.2,13.1,14.7,15.4
47089,8.5,9,10.9,12.6,12.3
47091,10.8,11.8,13.2,12.1,12.2
47093,5.6,5.6,6,6.5,7.3
47095,12.2,15.5,13.7,11.8,14.3
47097,12.1,12.1,12.7,15.4,16.9
47099,8.5,9.2,10.8,10.8,11
47101,18.1,16.5,17.6,16.9,15.1
47103,6.6,7.1,7.5,7.8,8.4
47105,6.8,9.2,10.1,11,11.4
47107,8.3,8.9,9.5,10,10.4
47109,11.7,13.6,14.7,15.7,15.1
47111,9.4,11.4,10.6,11.9,12.7
47113,8.3,10.8,11.9,11.6,12.5
47115,8.9,9.5,8.9,9.1,9
47117,9.2,10.5,10.7,12,12.5
47119,7.7,7.9,7.8,8.7,9.7
47121,10.2,13.4,16.3,15.8,17.5
47123,11.3,11.3,12.1,12.8,14.8
47125,7.5,8.6,9.7,9.9,10.3
47127,5.7,10.5,10.8,13.6,10.3
47129,7,8.3,8.1,8.6,9
47131,6.7,6.9,8.5,11,13
47133,6.4,6.5,7.6,9.4,10.3
47135,7.3,11.5,14.4,15.4,13
47137,5.8,6.5,6.1,6.9,7.2
47139,9.7,12.3,13.1,14.3,12.6
47141,6.1,6.7,8.1,9,10
47143,12,13.9,14.3,13.8,14.6
47145,7.5,8.4,9,9.9,10.8
47147,7,7.1,7.7,9,9.4
47149,6.7,7.9,8.4,8.6,8.8
47151,11.1,12.4,12.2,15.4,15.4
47153,8.2,10.5,10.1,11.9,13.1
47155,6.1,7.3,8.4,9,9.3
47157,9.7,10.4,10.9,11.3,11.9
47159,6.3,8.2,9.1,9.4,9.6
47161,9.4,12.4,12,12.5,12.6
47163,7,7.8,8.1,8.7,9.5
47165,7.6,7.8,7.7,7.4,7.5
47167,9.6,11,12,13.2,12.8
47169,9.5,7.9,8.9,11.2,12.1
47171,7.6,5.3,6.4,6.8,8.4
47173,5.5,7.6,8.6,9.9,11.1
47175,5.7,7.7,7.3,7.8,8.1
47177,7.9,8.2,8.7,9.9,9.8
47179,6.7,6.7,6.8,7.2,7.2
47181,12,12.2,14,13.5,13.4
47183,8.1,9.5,11.7,12.9,14.3
47185,9,9.5,10.5,11.3,12.8
47187,4,4.6,5.1,5,5.1
47189,5.3,6.4,7.3,7.4,8
48001,7.8,7,7.4,7,7.3
48003,4.8,5.6,4.9,5.3,5.9
48005,6.7,6.2,6.9,7.9,8.5
48007,8,6.8,6.4,7.7,7.3
48009,2.8,3,2.7,2.8,3.4
48011,1.9,2.8,3.2,4.8,4
48013,8.8,9.5,10.1,10.2,8.9
48015,4.6,5.5,5.7,7.7,8.4
48017,1.8,4,6.2,10.5,8.1
48019,5.4,4.9,6.4,7.1,6.6
48021,7.3,6.5,7.7,7.7,9.4
48023,5.1,6.7,4.9,2.8,2.2
48025,9.2,9,8.7,9.4,9
48027,7.9,7.6,8.3,8.7,9.5
48029,6.5,6.9,7.3,7.8,8.2
48031,5,5.7,6.2,8.2,8.7
48033,6.9,3.2,2.3,3.5,3.4
48035,8.3,7.9,8.7,9.8,9.8
48037,8.9,7.9,9.2,9.5,9.4
48039,5.4,5.5,5.7,6.4,6.4
48041,6.7,6.4,7,7.9,8.1
48043,6,5.5,3.7,2.3,4.8
48045,3.9,7.1,7.2,3.2,4.5
48047,5.5,8.1,11.5,16.2,11.9
48049,4,3.6,3.5,3.6,4.1
48051,7.7,6.4,6,6.1,8.4
48053,5.2,5.3,5.6,6.2,6.2
48055,9.6,10.8,11,10.8,8.5
48057,6.7,7.9,10.9,11.6,10.5
48059,5,5.3,6,6.6,6.5
48061,7.4,7.4,8,9.3,10.7
48063,7.5,8.2,8.1,9.2,11.1
48065,4.1,2.8,2.4,2,2.2
48067,7.7,8.5,8.9,11.1,11.6
48069,4.5,5.1,4.3,4.1,6.1
48071,4.8,6.2,5.6,6.9,7.5
48073,5,5.6,6.1,6.5,7.3
48075,2.3,2.5,2.9,3.9,6
48077,5.4,5.8,5.5,6,5.5
48079,5,8.4,10.6,11.2,13.6
48081,9.2,9.4,7.1,5,5.7
48083,3.7,5,6.1,5.8,6.1
48085,4.7,5,5.4,5.5,5.7
48087,5.5,3.6,3.4,4.5,4.4
48089,5.1,4.8,5.4,4.9,5.3
48091,5.2,5.7,6,6.3,6.4
48093,3.3,5.1,5,6.7,7.6
48095,4.3,4,3.9,6.8,5.9
48097,6.1,7.2,7.2,8.6,9.1
48099,8.9,8.3,9.3,8.8,9.8
48101,2.5,1.4,2,1.8,3.5
48103,3.7,6.4,9.1,8.4,10
48105,5.2,9.4,10.8,7.4,7.6
48107,2.5,2.7,4.8,6.5,10.2
48109,11.9,14.8,15,10.8,11.9
48111,5.5,3.7,4,3,4.8
48113,7.6,7.8,8.2,8.7,9
48115,6.2,5.6,7.2,7.2,9.5
48117,5.6,6.4,6.8,5.7,4.4
48119,4.4,6,6.4,9.3,12
48121,6.1,6.2,6.5,6.6,6.8
48123,4.2,4.7,4.3,5.3,5.6
48125,1.9,1.4,3.7,5.4,8.2
48127,10.5,10.2,11,10.3,13.9
48129,1.7,2.1,2.4,2.3,3.9
48131,10.9,7.8,8.1,7.9,11.2
48133,6.3,5.4,4.9,4.3,4.1
48135,5.3,5.8,5.7,5.7,6.2
48137,1.2,7.7,9.5,11.4,9
48139,6.9,6.6,6.9,7.3,8.1
48141,7.5,7.5,7.6,8.2,9
48143,6.5,6,4.9,5.1,6
48145,5.9,7.9,7.8,7.8,8.1
48147,8.4,7.4,7.5,7.7,8
48149,3,2.9,2.6,2.6,2.7
48151,5.6,5.6,5.5,7.3,5.6
48153,3.8,3.5,4.7,4,5.1
48155,11.9,12.3,15.8,16.4,15.8
48157,5.6,5.1,5.1,5.4,5.6
48159,10.4,10.6,7.8,5.6,5
48161,6.3,6.5,7.4,5.8,5.3
48163,11.1,9.8,9.5,7.9,7.6
48165,4.5,4.6,3.3,4.8,5.8
48167,6.8,6.9,7.7,8.1,8.8
48169,1.7,3.6,2.4,2.5,1.5
48171,3,2.5,3.8,4.9,5.7
48173,0,0,0,1.5,1.9
48175,1.7,1.8,3.1,4.8,4.8
48177,9.2,8.8,9.8,10,9.6
48179,7.9,7.9,8.1,7.9,8
48181,7.2,7.5,7.9,9,9.6
48183,7.1,7.4,6.8,7.4,7.1
48185,5.2,6,7.3,6.8,9
48187,6.2,6.3,6.1,6.8,7.2
48189,4.6,5.7,6.6,7.1,7.4
48191,8.2,8,8.4,7.1,10.2
48193,4.9,5.8,6,7,7
48195,6.2,3.6,3.1,2.6,2.1
48197,9,14.3,13.6,11.6,12.7
48199,6.4,6.1,6.8,6.8,7
48201,7.1,7.3,7.6,8.2,8.6
48203,8.7,7.9,6.6,8,9.6
48205,1.8,2.2,2.5,2.6,2.1
48207,9.6,13,10.7,8.3,7.5
48209,7.5,6.5,7,7.5,7.5
48211,0.8,1.3,0.9,1.4,3.3
48213,7.8,8.2,8.3,9.1,9.8
48215,9.7,9.9,10.1,10.6,10.8
48217,6,6.7,6.9,8.1,9
48219,6.5,6.2,6,6.1,6.8
48221,5.9,4.9,6.5,7.1,7.5
48223,6.9,7,7.9,7.8,8.4
48225,11.2,9.1,7.6,7.2,9.8
48227,7.1,7.5,8.1,7,7.9
48229,11,11.6,9.3,8.5,8.2
48231,7.9,8.7,9.4,11.8,12.7
48233,5.2,7.5,7.7,7.5,7.9
48235,1.8,3.4,4.5,4.2,4.5
48237,4.8,5.5,5.9,6.6,6
48239,6.4,5.3,5.5,4.9,4.7
48241,6.7,7.3,7.6,9.6,12.1
48243,6.3,4.8,6.6,5.8,4.6
48245,8,8.9,9.5,10,10.7
48247,11.4,14.7,12.2,9,11.7
48249,6.7,6.6,7.6,7.1,8
48251,7.8,7.2,7.1,8,8.4
48253,4.6,7.7,6.7,7.4,8.2
48255,3,3.2,4.3,5.7,6.5
48257,7.6,7.7,8.7,9,9.1
48259,3.8,4.4,4.1,4,4.2
48261,21.6,0,0,0,0
48263,1.5,2.7,4,2.8,3.1
48265,5,6,5.4,6.8,8.3
48267,3.1,2.5,4.1,5.2,6.9
48269,0,0,2.2,3.3,5.4
48271,7.2,15.3,10.9,12.2,13.3
48273,9.3,9.3,11.1,10,10.5
48275,5.4,5.1,6.3,5.8,5.8
48277,6.8,6.8,6.8,7,7.5
48279,7.4,8.1,8.3,9.1,9.8
48281,8.6,8.4,8.4,8.6,8.8
48283,9.2,10.6,8.3,9.4,11.2
48285,4.2,6.3,6.1,6.7,6.9
48287,5.4,5.1,4.9,5.8,5.9
48289,6.8,5.4,5.5,6.8,7.3
48291,7.9,9,10.4,11.8,12.6
48293,3.5,4,5.1,5.8,6.8
48295,1.1,1.8,1.8,3.3,4
48297,3.1,3.3,4.4,4.7,5.9
48299,4.3,4.6,4.8,5.1,6.1
48301,0,0,6.7,8.5,10
48303,6.2,6,6.2,6.5,7
48305,1.2,1.6,2.9,5.2,6.1
48307,3.6,5.9,3.4,3.5,5.8
48309,7.4,7.2,7.2,7.4,7.5
48311,7.4,7.1,7.4,0.7,2.4
48313,8.5,6,6.6,6.3,6.9
48315,8,11,8.9,8.6,8.1
48317,2.5,3.6,4.7,6.3,7
48319,2,3.7,6.5,6,6
48321,10.2,10.5,10.2,9.8,7.7
48323,10.4,11.3,11.9,10.8,12.3
48325,8.6,8.6,8.4,8.5,7.6
48327,5.5,7.4,9.3,9.7,9.5
48329,3.5,4,4,4.1,4.3
48331,7.4,5.6,5.9,9.1,11.2
48333,5.3,5.5,6.5,7.6,4.3
48335,3.8,3.9,5.7,5.7,7.3
48337,6.1,6.8,7.1,6.7,7.4
48339,6,6.1,6.6,6.8,7.1
48341,5.8,5,5.4,5.5,5.1
48343,6.6,6.9,9.6,10.7,12.4
48345,4.1,2.5,7.5,8.3,10.3
48347,7,7.3,7.3,7.9,8.1
48349,9.4,8,8.5,8.4,10.2
48351,8.7,10.6,10.9,10.9,12.9
48353,6.3,6.9,8.4,7.4,8.9
48355,7.5,7.9,8,8,8.1
48357,7.8,8.3,8.4,7.4,8.6
48359,2.1,3.7,6.6,6.3,8.4
48361,7.7,7.4,7.2,8.8,9.3
48363,7.1,7.9,8.3,7.5,7.6
48365,5.6,5.6,6.6,6.7,6.4
48367,6.5,6.1,6,6.4,7.2
48369,2.9,3.2,3.3,3.5,5.3
48371,3.2,4.4,3.1,3.3,4
48373,9.9,9.1,10.3,12.5,13.8
48375,6.7,6.4,6.3,6,5.9
48377,10.2,13.8,11.4,8.8,10.7
48379,8.6,6.7,8.2,9.5,8.9
48381,4,4.1,4.4,4.1,4.4
48383,1,0.3,0.4,1.2,2.9
48385,8.7,8.9,14.4,11.3,14.9
48387,7,8.6,6.6,9,9.3
48389,7,11.2,11.2,11.1,10.4
48391,6.1,7.2,8.6,6.9,6.1
48393,6.7,4.1,4,4.5,4
48395,6.9,7.9,8.8,9.1,11
48397,5,5.7,5.7,6,7.4
48399,3.7,3.8,1.9,2.4,3
48401,4.6,5,4.8,5.5,6.4
48403,10.2,10.2,9.9,12.2,13.7
48405,9.3,10.5,12.2,10.8,14.2
48407,11.9,10.9,12.9,14.2,13.4
48409,6.8,7.5,7.6,8,7.9
48411,9.4,9.4,6.5,6,6.7
48413,2.2,4,3.5,5,4.7
48415,4.4,5.6,4.7,4.2,4.1
48417,2.9,4.8,4.4,3.9,4.3
48419,7.7,7.3,7.3,8.1,7.6
48421,4.7,6.4,7,6.8,7.1
48423,7.1,7.2,7.5,7.8,8.1
48425,1.9,1.4,2.9,1.9,2.6
48427,9.6,9.7,10.3,12.5,13
48429,3.1,3.2,3.4,4.2,5
48431,0,0,0,0,0.5
48433,3.1,2.7,4.6,6.6,7.2
48435,2.9,1.6,2.6,1.5,1.9
48437,7.6,7.8,9.4,10.7,10.8
48439,6.8,7.4,7.8,8.2,8.4
48441,4.8,5.4,5.3,6.2,6.6
48443,0.3,0,0,0,0
48445,8.3,6.9,7,5.9,7.1
48447,2.3,4.4,1.3,0.7,1.2
48449,6.8,7.5,7.2,7.4,7.7
48451,5.8,6.6,6.8,7.1,7.1
48453,6,6.4,6.9,7.3,7.4
48455,6.5,6.3,5.4,7.7,9.1
48457,8.1,9,10,11.3,12.7
48459,6.2,6.8,7,7.4,8.9
48461,0.9,1.7,1.3,3.3,3.2
48463,7.1,8.1,9.7,10.9,10.6
48465,8.5,8.8,8.8,10,10.3
48467,6.8,6.7,6.9,7.2,7
48469,6.7,7,7.3,7.4,7.6
48471,8.7,7.1,4.7,5.3,5.3
48473,7.6,6.9,6.3,7.6,9.4
48475,4.8,4.7,5.5,5,4.6
48477,5.9,4.7,4.9,4.2,4.4
48479,7.7,7.5,7.1,6.9,6.9
48481,5.2,6,6.4,7.1,7.2
48483,3.6,4.7,5.3,4.6,4.7
48485,5.6,5.8,5.6,6.1,6.7
48487,7.6,4.9,4.7,4.6,5.4
48489,6.4,7.4,7.5,8.2,8.1
48491,6.3,6.5,7,7.3,7.5
48493,6.9,5.6,5.4,5.5,5.5
48495,6.1,6.6,5.9,3.3,3.5
48497,7.1,8.1,8.9,10.2,10.7
48499,9.8,7.9,7.4,8.2,9.1
48501,7.4,7.2,6.2,9.5,8.1
48503,3.5,4.3,5.6,4.5,5.9
48505,7.2,7.2,7.7,6.7,8.2
48507,10.5,9.8,9.9,11.1,12.2
49001,4.7,8.8,10.2,10.7,10.6
49003,4.5,4.5,5.7,5.8,6.5
49005,5.7,5.5,6.3,6.9,7.2
49007,7.8,7.4,7.5,9.5,8.8
49009,1.7,2.5,2.7,7.8,7.8
49011,4.4,4.7,5,5,5.1
49013,3.6,4.1,5.2,5.6,4.5
49015,3.2,3.4,5.4,5.6,6.1
49017,3.2,1.9,3.3,5.3,6.9
49019,6.1,5.9,8.4,7.1,7
49021,6.6,8.9,11.3,13.1,13.7
49023,5.6,6.2,6.3,7.5,5.8
49025,3,4.6,5.5,5.8,5.9
49027,5,7,7,6.9,5.8
49029,3,4.3,6.7,5.8,5.3
49031,4.1,5.3,8.6,10.3,9.4
49033,1.6,2.7,4.2,6.7,8.3
49035,5.1,6,6.7,7.3,7.6
49037,8.5,6.4,8.4,6.4,8.9
49039,5.2,7,9.3,8.8,9.6
49041,4.5,4.6,5.3,6,6.2
49043,3.4,4.6,4.9,5,5.3
49045,5.1,5.4,5.8,6.9,6.8
49047,5,5.2,5.3,6.6,6.3
49049,5.2,5.6,6.1,6.9,7.2
49051,3.1,4,4.7,5,6.1
49053,5.4,7,8.7,9.9,10.2
49055,3.6,3.6,4.1,3.9,3.5
49057,6.3,7.1,7.5,7.6,7.9
50001,4.5,5.6,6.2,6.9,7.3
50003,5.2,6,6.7,7,7.9
50005,6.8,6.6,6.6,7.7,8.3
50007,5,5,5.4,5.7,6.1
50009,7.2,8.3,9.3,10.7,11.4
50011,6.2,6.2,6.7,6.6,6.4
50013,6.8,5.5,6.8,7.5,7.7
50015,6.2,5.2,4.9,4.8,4.5
50017,6.2,6,6.3,6.2,6.6
50019,6.4,7.2,7.6,7.7,7.2
50021,7.1,7.7,8.5,8.5,8.7
50023,4.9,5.5,5.2,5.9,5.8
50025,5.2,6.3,7.1,6.9,7
50027,5.4,5.5,6.4,5.9,6.3
51001,8.9,9.2,7.6,7,6.4
51003,3.6,4.2,4.3,4.4,4.5
51005,4.6,6.2,7.3,5.8,7.1
51007,7.6,7,7.6,8,7.2
51009,4.1,5.7,7.5,7.7,7.5
51011,8.6,7.7,9.4,8.3,7.4
51013,3.1,3.2,3.4,3.6,3.9
51015,3.8,4.6,4.8,4.8,5.6
51017,2.9,2.7,2.2,3.1,1.6
51019,3.4,5,6,6.3,6.9
51021,4.6,5.6,5.1,8.2,8.1
51023,3.5,3.8,4.4,5,5.5
51025,10.5,8.4,11.8,11.1,11.6
51027,7.9,12.8,9.5,10.4,11.4
51029,3.4,6,8.1,7.4,10.8
51031,5.4,5.9,7,7.5,7.7
51033,5.8,8.5,10.6,10.9,12.3
51035,7.3,8.4,8.5,9.4,8.3
51036,6.4,8.4,8.3,8.6,8.1
51037,9.1,10.5,8.8,8.4,7.1
51041,4.7,5.5,6,6.9,7.4
51043,4,4.2,4.8,5.9,6.3
51045,0.7,1.9,1.9,4.3,6
51047,4.5,5.6,6.2,6.5,6.9
51049,6.9,7.6,9.3,9.1,9.2
51051,10.2,9.4,9.8,10.1,10
51053,6.2,7.5,9.5,10,10.1
51057,4.2,4.9,6.4,7.5,7
51059,3.9,4.3,4.7,5,5.2
51061,4.2,4.7,5.5,5.9,6.4
51063,7.9,6.6,6,7,8.2
51065,5,4.7,5.5,6,5
51067,6.7,7.5,7.7,8.8,8.3
51069,4.5,5.2,5.5,6,7
51071,9.3,6.4,7.6,6.8,6.7
51073,3.1,4.1,5.2,6.4,5.8
51075,5.1,4.6,4.2,5.5,5.6
51077,5.9,5.8,5,6.8,8.4
51079,4.1,4.3,4.7,4.5,6
51081,8,10,8.5,10.5,8.7
51083,8.5,9.2,10.6,9.6,9.8
51085,3.5,3.8,4.3,5,5.3
51087,5.7,6.6,7,7.7,7.9
51089,8.5,11,12.3,12.5,13.1
51091,0.2,0.6,0.9,1.7,2.3
51093,4.2,4.9,6.3,7.7,7.7
51095,3.4,3.9,4.6,5.8,6.4
51097,5.8,4.9,5.5,5.7,6.1
51099,5,5.6,5.7,6.7,7.3
51101,4.4,5.2,6.7,6.3,5.8
51103,6.8,5.7,7.6,8.1,8.5
51105,7.6,6.7,7.9,9.1,11.2
51107,3.6,3.8,4.3,4.4,4.5
51109,5.1,5.9,5.5,6.2,8.2
51111,10.7,9.9,8.3,9.8,9.9
51113,4,6,5.9,7.7,7.2
51115,3.9,4.8,5.8,4.9,5.7
51117,7.4,9.3,8.8,9.3,9.6
51119,3.3,2.7,4.1,5.4,6.6
51121,6.4,6.4,6.4,6.2,6.3
51125,5.5,4.8,5.7,6.7,9.1
51127,5.2,6.1,7.7,8.7,8.6
51131,5.7,5.6,8.5,8.8,11.3
51133,2.9,2.9,5.2,9.6,9.8
51135,9.1,8.8,8.6,12.9,13.2
51137,5.2,8,9.2,9.8,9.6
51139,7,9,9.8,10,11.4
51141,9.7,11.7,11.4,11.5,10.9
51143,8.1,9.4,10,8.8,9.3
51145,3.1,3.2,4.2,4.7,6.4
51147,5.5,6.6,7.6,10,8.4
51149,8.6,7.4,8,9.8,10.9
51153,4.4,4.9,5.4,5.7,6.4
51155,8.5,9.2,10,9.6,9
51157,2.1,3.6,3.5,4.4,4.2
51159,2.8,3.1,4.6,6.4,10.5
51161,3.6,4,4.6,4.7,5.6
51163,3.7,4.4,4.2,4.4,3.4
51165,3.3,4.1,4.7,5.5,5.9
51167,6.2,5.8,7.6,8.2,7.9
51169,7.8,6.4,6.9,8.5,9.5
51171,4.8,5.4,5.7,5,5.7
51173,5.9,6.7,7,7.5,8.1
51175,6.1,4.8,6.4,7.6,6.9
51177,5.9,6.4,6.9,7.1,7
51179,5,5.6,6.2,6.7,6.6
51181,9.1,9.4,10,9.5,11
51183,9.6,10.9,9.5,10.5,6.5
51185,6.5,7.3,8.1,7.5,8.6
51187,4.9,5.9,5.9,7.4,8.2
51191,5.5,6.5,6.1,6.4,7.1
51193,9.4,8.2,9.9,11.5,10.8
51195,7.1,8.3,8.5,10.4,10.7
51197,6.1,8.1,9.3,9.3,9.8
51199,3.2,3.8,4.5,4.6,5.1
51510,4.3,3.9,4.5,5.1,5
51515,3.7,3.4,7.1,6.3,6.6
51520,9.6,10.5,11.5,12.8,12.7
51530,6.9,8.1,7.7,6.7,7.9
51540,4.9,4.5,5.7,6.4,5.7
51550,5.1,4.9,6,6.6,7.5
51570,6.6,6.4,7.6,7.5,8.3
51580,8.5,4.5,4.9,5.2,5.8
51590,12.7,12.8,13.8,15.5,15.6
51595,10.4,11.9,14.1,18.9,18.6
51600,4.1,4.7,4.4,5.4,5.7
51610,4.5,6.1,6.3,5.7,4.9
51620,9.1,12.4,13.8,13.7,12.3
51630,6.3,10.3,9.7,10.5,11
51640,7,8.5,3.8,7,7.4
51650,7.9,7.9,8.3,9.7,10.7
51660,6.7,6.7,6.5,6.8,7.6
51670,13.1,14.6,17.5,17.9,16.5
51678,1.8,1.4,1.7,2.9,3.7
51680,8.8,9.9,10.4,10.6,11.7
51683,5.6,6.5,7.3,7.5,7.2
51685,4,4,4.9,4.3,4.5
51690,12.6,11.8,12.9,15.7,14
51700,7.1,7.9,8.8,9.2,9.8
51710,8.6,9.6,10.4,11.6,11.9
51720,1.9,2.4,5.5,5.6,8
51730,13,14.2,14,16.6,16.6
51735,5.1,3.8,4.7,4.5,4.4
51740,8.1,7.4,8.2,9.8,10.6
51750,13,11.3,9.8,10.3,8.6
51760,10.2,10.5,11,11,11.3
51770,6.8,6.7,7.1,7.7,8.5
51775,4.8,6.6,6.9,7.8,7.2
51790,4.7,5.3,5.8,5.8,7.2
51800,6.1,6.6,7.3,7.3,8.6
51810,4.8,5.3,5.8,6.3,6.5
51820,8,10.8,9.9,7.9,8.6
51830,7.9,6.1,6.5,8,8.4
51840,5.7,6.8,8.8,8.2,7.2
53001,10.1,10.7,13.6,12.3,12.5
53003,5.4,5.2,6.4,6.9,8.1
53005,6.7,6.3,6.3,6.7,7.3
53007,6.6,6.7,7.6,8.3,8.7
53009,7,7.2,8.2,10,11
53011,8.7,9.4,10.3,10.9,11.2
53013,11.6,10,10.3,7.3,7.5
53015,8.8,11.1,11.6,13,13.2
53017,7,7.3,7.7,8.5,8.3
53019,15,12.7,13,13.7,14.3
53021,8.2,8.1,7.3,8.4,8.9
53023,10.4,5.2,5.2,7.3,7.3
53025,10.2,10.1,11.2,12,12.5
53027,10.9,11.6,13.5,15,16.1
53029,6.6,6.5,8.3,9.1,9.6
53031,8.2,7.7,9.1,10,11.3
53033,5.7,6.2,6.9,7.3,7.7
53035,7.6,8.5,8.9,9.6,9.6
53037,6.9,7.9,8.8,9.9,10.2
53039,8.3,6.5,8.6,8.2,10
53041,9.1,9.3,11.8,12.6,13.5
53043,4.5,5.2,6.8,5.1,5.4
53045,10.7,11.7,13.1,13.9,14.4
53047,8.7,8.8,9.2,10.8,11.1
53049,6.3,6.6,8.5,9.1,9.6
53051,9.7,8.3,10,11,12.9
53053,7.7,8.4,9.6,10.3,10.9
53055,2.4,3.1,3.8,5.3,6.2
53057,5.7,6.4,8.2,8.8,9.8
53059,6.8,8.6,7.7,8.2,11.1
53061,6.1,7.2,8.2,8.6,9.3
53063,7.4,8.1,9,9.6,10
53065,11.2,10.4,10.2,11,11.4
53067,6.8,7.2,7.6,8.6,9.4
53069,9,10.3,14.9,12.6,13.3
53071,7.3,7,6.5,6,7.3
53073,7.5,8.2,8.7,9.2,9.4
53075,5.8,5.8,5,6.3,6.1
53077,10.2,10.8,10.4,10.8,11
54001,7.5,6.1,8.3,7.9,8
54003,7,8.6,10.1,11.1,11.9
54005,6.5,6.7,7.5,7.7,10.3
54007,9.3,10.5,10,10.3,13.5
54009,8.3,8.7,10,10.5,10.1
54011,6.6,6.6,7,7.3,7.8
54013,5.3,8,10.2,12.9,16.2
54015,9.8,8.2,7.6,7.9,8.8
54017,5.6,6.3,6,6.5,8.4
54019,6.8,8.1,8.1,8.8,10.3
54021,13.7,9,4.7,7.4,8.9
54023,3,3.8,2.9,5.3,7.2
54025,6.7,7.1,7.8,7.5,7.5
54027,6.6,7.1,7.1,9,10
54029,8.4,9.5,9.8,9.4,10
54031,5,7.1,8.6,10.7,10.6
54033,6.3,7,7.4,6.9,7.2
54035,6.7,8.5,8.5,8.8,8.3
54037,5.1,6.1,7.4,8.1,9
54039,7,6.8,7.3,7.4,7.4
54041,8.6,6.2,5.4,5.7,7.1
54043,8.5,9.1,9.9,9.4,9.4
54045,9.2,9.1,9.8,8.8,10.3
54047,6.1,5.7,9.2,10.3,12.1
54049,6,5.8,4.9,5.4,5.3
54051,8.8,9.6,9.9,9.4,8.2
54053,10.4,9.8,8.6,9.3,8.6
54055,5.8,6.6,6.4,6,6.6
54057,6.7,7.8,8.3,10.9,11.7
54059,7.3,9.9,11.5,10.9,10.2
54061,5.5,5.3,5.4,6.2,5.9
54063,8.1,8.2,8.2,8.5,9.2
54065,8.1,11.9,12.1,13.2,16.2
54067,6,7.7,8.8,8.7,8.3
54069,6.9,6.8,6,6.5,6.5
54071,2,3.3,3.6,2.2,3.1
54073,8.1,10,14,11.1,8.1
54075,5.7,6.7,6.4,5.8,8.1
54077,5.6,6.1,6.8,6.7,7.8
54079,4,3.8,4.3,4.4,4.9
54081,6,6.5,6.1,6,6.7
54083,6.5,6.7,8.2,8.2,8.3
54085,6,8.2,9.7,8.1,10.8
54087,7.5,8.4,6.9,9.2,10.5
54089,3.9,4.7,5.8,4.6,7.9
54091,7.4,7.2,6.9,8.4,9.2
54093,5,4.9,3.3,4.6,6.3
54095,11.8,11.3,11,11.6,12.6
54097,6.3,6.1,6,6.7,6.4
54099,6.9,6.9,7.6,7.5,9
54101,8.4,10.2,11.9,12.1,13.9
54103,8.3,6.9,5.8,7.5,8.5
54105,15.8,12.7,16.6,15.1,17.1
54107,7.4,7.8,8.3,8.8,9.8
54109,4.4,5.3,4.6,5.8,6.5
55001,8,8.4,9.3,10.6,11.5
55003,8.8,9.1,9.6,9,8.8
55005,6.9,6.8,7.1,8,7.8
55007,7.6,6.8,8.1,8.9,8.9
55009,6,6.3,6.7,6.9,7.4
55011,4.7,4.6,4.9,4.4,5.4
55013,7.3,10.2,10,10.9,11
55015,4.6,4.3,5.1,5.2,4.8
55017,5.9,7,7.6,7.3,7.6
55019,5.4,5.7,6,6.1,6.1
55021,4.2,4.9,5.8,5.9,6.2
55023,4.7,5.5,6.2,6.9,7.4
55025,4.7,5,5.4,5.5,5.7
55027,5.2,6.3,7.1,7.2,8
55029,6.1,6.3,6.6,6.9,7.3
55031,6,6.3,6.9,7.3,8.4
55033,7.3,7.7,7.2,6.8,7.7
55035,5.8,5.6,6.1,6.2,6.3
55037,5.7,5.5,5.9,5.7,7.2
55039,5.4,6.6,6.7,7.1,7
55041,9,8.9,8,8.2,9.3
55043,4.2,4.4,4.6,4.5,4.8
55045,4.6,5.4,5.9,5.5,5.6
55047,5.2,5.6,5.7,6.9,6.9
55049,5.1,4.9,4.9,5.3,5.4
55051,7.9,8.1,9.1,7.8,9
55053,6.3,4.7,5.5,5.9,6.1
55055,5.6,6.5,7.1,7.1,7.2
55057,6.6,8.1,8.5,9.2,10
55059,7.7,8.4,9.4,10.2,11.2
55061,4.6,4.5,4.9,5.1,6.3
55063,5.2,5.2,5.9,5.7,5.9
55065,3,3.6,4,4.1,4.4
55067,7.6,7.5,7.6,7.9,8
55069,5.6,5.2,6.1,6.8,7.7
55071,6.4,7,7.4,7.5,7.8
55073,5.6,6.5,6.7,7.3,7.2
55075,6.9,7.8,8.5,9.1,9.8
55077,8.2,9.1,9.5,9.8,9.3
55078,21.8,21.4,18.1,19.5,20.4
55079,8.9,9.3,10,10.6,11.2
55081,4.4,4.7,5.4,6,6.3
55083,6.2,7.5,7.1,7.1,7.7
55085,5.1,5.5,6.3,7.2,7.5
55087,5.4,5.7,5.6,5.5,5.5
55089,4.2,4.6,5.5,6,5.8
55091,5.3,5.8,6.3,6.4,6.3
55093,4.9,5.6,5.6,5.4,5
55095,6.4,7.3,7.8,8.4,8.8
55097,5.7,6.1,6.7,7.5,8.1
55099,6.5,6.8,7,6.7,6.3
55101,6.9,8,8.7,9.7,10.3
55103,5.5,5.5,5.5,5.2,6
55105,7.6,9,9.5,10.1,10.3
55107,5.7,7.3,8.3,8.9,9.3
55109,4.9,6.2,6.5,6.7,6.8
55111,5.3,5.4,6.1,6.4,6.9
55113,8.9,8.7,9.1,9.4,9.4
55115,6.4,7.5,8,7.9,7.8
55117,5.3,5.8,6.5,6.9,7.1
55119,6.3,7.1,7.9,7.9,7.7
55121,4.2,5.3,5.7,5.7,5.6
55123,4.5,5.1,5.8,5.6,5.5
55125,7.1,8.9,9.2,9.4,9.8
55127,6.3,6.9,7,7.8,8.4
55129,5.7,7.2,7.6,7.7,8.1
55131,4.8,5.3,5.8,5.9,6.2
55133,4.1,4.8,5.3,5.5,5.7
55135,6.5,7.1,7.8,7.8,7.7
55137,7.6,7.9,8.6,9.1,8.4
55139,5.5,6,5.9,6.4,6.5
55141,5.9,6.4,6.9,6.9,7.4
56001,3.9,3.6,4.4,4.5,4.9
56003,6.4,4.7,5.4,5.8,5.6
56005,4,3.5,3.5,3.8,4.1
56007,5,4.7,4.6,5,4.8
56009,4,4.2,4.3,4.3,4.6
56011,0.9,1.6,1.8,2.8,3.7
56013,6.6,7,7.7,9.4,9.9
56015,4.6,3.1,3,4.4,5.2
56017,2,1.6,2.4,2.4,3.2
56019,1.7,2.7,3,2,1.7
56021,5.2,5.1,4.8,5.1,5.7
56023,4.3,5.8,7.5,5.8,9.1
56025,4.7,4.5,5.1,5.5,5.8
56027,1.3,2.5,3.8,5.1,3.8
56029,4.4,4.1,3.4,4,3.8
56031,4.9,4.4,2.4,2,2.5
56033,3.2,3,3.3,3.5,4.5
56035,7.8,4,5.7,5.3,4.9
56037,3.8,4.7,5.3,5.7,6.4
56039,3.1,4,3.6,5.3,4
56041,4.8,5.8,5.9,5.6,6
56043,3.3,4.4,4.4,5.9,5.3
56045,4.3,2.3,3.3,4.8,4.1
